,cluster,variable,type,moyenne,médiane,écart_type,min,max,modalité,modalité_pct
0,0,age_num,numérique,8.891975308641975,8.0,6.0090795944257405,0.0,34.0,,
1,0,sex,catégorielle,,,,,,Féminin,100.0
2,0,marital_status,catégorielle,,,,,,Célibataire,99.69135802469135
3,0,city,catégorielle,,,,,,BOCANDA,30.864197530864196
4,0,milieu_resid,catégorielle,,,,,,Rural,76.5432098765432
5,0,region_name,catégorielle,,,,,,N'ZI,100.0
6,0,bancarise,catégorielle,,,,,,0,100.0
7,1,age_num,numérique,10.731501057082452,9.0,7.770504622163716,0.0,41.0,,
8,1,sex,catégorielle,,,,,,Masculin,100.0
9,1,marital_status,catégorielle,,,,,,Célibataire,99.89429175475686
10,1,city,catégorielle,,,,,,ABIDJAN,96.82875264270614
11,1,milieu_resid,catégorielle,,,,,,Urbain,100.0
12,1,region_name,catégorielle,,,,,,AUTONOME D'ABIDJAN,100.0
13,1,bancarise,catégorielle,,,,,,0,100.0
14,2,age_num,numérique,37.427374301675975,36.5,8.873150848010567,16.0,63.0,,
15,2,sex,catégorielle,,,,,,Masculin,100.0
16,2,marital_status,catégorielle,,,,,,Union libre,91.06145251396647
17,2,city,catégorielle,,,,,,YAMOUSSOUKRO,3.6312849162011176
18,2,milieu_resid,catégorielle,,,,,,Rural,100.0
19,2,region_name,catégorielle,,,,,,NAWA,9.497206703910614
20,2,bancarise,catégorielle,,,,,,1,100.0
21,3,age_num,numérique,36.24116424116424,36.0,9.397452765359716,15.0,58.0,,
22,3,sex,catégorielle,,,,,,Féminin,100.0
23,3,marital_status,catégorielle,,,,,,Marié(e),97.2972972972973
24,3,city,catégorielle,,,,,,BOUAKE,8.87040887040887
25,3,milieu_resid,catégorielle,,,,,,Urbain,100.0
26,3,region_name,catégorielle,,,,,,GBEKE,9.00900900900901
27,3,bancarise,catégorielle,,,,,,1,100.0
28,4,age_num,numérique,8.982078853046595,9.0,5.85216875321124,0.0,36.0,,
29,4,sex,catégorielle,,,,,,Féminin,100.0
30,4,marital_status,catégorielle,,,,,,Célibataire,99.6415770609319
31,4,city,catégorielle,,,,,,BONON,27.598566308243726
32,4,milieu_resid,catégorielle,,,,,,Urbain,100.0
33,4,region_name,catégorielle,,,,,,MARAHOUE,100.0
34,4,bancarise,catégorielle,,,,,,0,100.0
35,5,age_num,numérique,8.492890995260664,8.0,6.458194992002647,0.0,40.0,,
36,5,sex,catégorielle,,,,,,Masculin,100.0
37,5,marital_status,catégorielle,,,,,,Célibataire,99.52606635071089
38,5,city,catégorielle,,,,,,ATTOUTOU,21.80094786729858
39,5,milieu_resid,catégorielle,,,,,,Rural,100.0
40,5,region_name,catégorielle,,,,,,GRANDS-PONTS,100.0
41,5,bancarise,catégorielle,,,,,,0,100.0
42,6,age_num,numérique,26.14394278050961,27.0,4.616396190280166,13.0,34.0,,
43,6,sex,catégorielle,,,,,,Féminin,100.0
44,6,marital_status,catégorielle,,,,,,Marié(e),100.0
45,6,city,catégorielle,,,,,,MAHANDIANA-SOKOURANI,2.592758158247653
46,6,milieu_resid,catégorielle,,,,,,Rural,100.0
47,6,region_name,catégorielle,,,,,,FOLON,7.1971390254805545
48,6,bancarise,catégorielle,,,,,,0,100.0
49,7,age_num,numérique,67.93558951965065,67.0,11.430913879086965,46.0,122.0,,
50,7,sex,catégorielle,,,,,,Féminin,100.0
51,7,marital_status,catégorielle,,,,,,Veuf(ve),86.35371179039302
52,7,city,catégorielle,,,,,,BOCANDA,1.9650655021834063
53,7,milieu_resid,catégorielle,,,,,,Rural,100.0
54,7,region_name,catégorielle,,,,,,BELIER,6.6593886462882095
55,7,bancarise,catégorielle,,,,,,0,100.0
56,8,age_num,numérique,53.540393013100434,53.0,6.1150629626054265,40.0,67.0,,
57,8,sex,catégorielle,,,,,,Masculin,100.0
58,8,marital_status,catégorielle,,,,,,Marié(e),72.81659388646288
59,8,city,catégorielle,,,,,,NIAMBEZARIA,1.0917030567685588
60,8,milieu_resid,catégorielle,,,,,,Rural,100.0
61,8,region_name,catégorielle,,,,,,GUEMON,6.441048034934497
62,8,bancarise,catégorielle,,,,,,0,100.0
63,9,age_num,numérique,34.20184544405998,35.0,4.842278805159117,18.0,42.0,,
64,9,sex,catégorielle,,,,,,Masculin,100.0
65,9,marital_status,catégorielle,,,,,,Marié(e),99.30795847750865
66,9,city,catégorielle,,,,,,BOUAKE,3.690888119953864
67,9,milieu_resid,catégorielle,,,,,,Urbain,100.0
68,9,region_name,catégorielle,,,,,,TONKPI,7.612456747404845
69,9,bancarise,catégorielle,,,,,,1,100.0
70,10,age_num,numérique,27.54859335038363,26.0,8.653794579884545,15.0,48.0,,
71,10,sex,catégorielle,,,,,,Féminin,100.0
72,10,marital_status,catégorielle,,,,,,Célibataire,76.8542199488491
73,10,city,catégorielle,,,,,,YAMOUSSOUKRO,4.219948849104859
74,10,milieu_resid,catégorielle,,,,,,Rural,100.0
75,10,region_name,catégorielle,,,,,,MARAHOUE,7.41687979539642
76,10,bancarise,catégorielle,,,,,,1,100.0
77,11,age_num,numérique,65.31732776617955,64.0,6.962807076458199,55.0,100.0,,
78,11,sex,catégorielle,,,,,,Masculin,100.0
79,11,marital_status,catégorielle,,,,,,Marié(e),88.30897703549061
80,11,city,catégorielle,,,,,,BOUAKE,4.3841336116910234
81,11,milieu_resid,catégorielle,,,,,,Urbain,100.0
82,11,region_name,catégorielle,,,,,,TONKPI,6.6805845511482245
83,11,bancarise,catégorielle,,,,,,1,100.0
84,12,age_num,numérique,11.063316582914572,10.0,7.713364180248415,0.0,42.0,,
85,12,sex,catégorielle,,,,,,Féminin,100.0
86,12,marital_status,catégorielle,,,,,,Célibataire,99.79899497487436
87,12,city,catégorielle,,,,,,ABIDJAN,97.48743718592965
88,12,milieu_resid,catégorielle,,,,,,Urbain,100.0
89,12,region_name,catégorielle,,,,,,AUTONOME D'ABIDJAN,100.0
90,12,bancarise,catégorielle,,,,,,0,100.0
91,13,age_num,numérique,65.49784791965567,64.0,6.943764958484514,55.0,93.0,,
92,13,sex,catégorielle,,,,,,Masculin,100.0
93,13,marital_status,catégorielle,,,,,,Marié(e),88.80918220946916
94,13,city,catégorielle,,,,,,BOUAFLE,1.5781922525107603
95,13,milieu_resid,catégorielle,,,,,,Rural,100.0
96,13,region_name,catégorielle,,,,,,NAWA,7.173601147776183
97,13,bancarise,catégorielle,,,,,,1,100.0
98,14,age_num,numérique,24.029239766081872,22.0,7.171676306528045,15.0,50.0,,
99,14,sex,catégorielle,,,,,,Masculin,100.0
100,14,marital_status,catégorielle,,,,,,Célibataire,99.92690058479532
101,14,city,catégorielle,,,,,,YAMOUSSOUKRO,10.087719298245613
102,14,milieu_resid,catégorielle,,,,,,Urbain,100.0
103,14,region_name,catégorielle,,,,,,YAMOUSSOUKRO,10.67251461988304
104,14,bancarise,catégorielle,,,,,,1,100.0
105,15,age_num,numérique,35.49391069012179,35.0,8.39057750843117,15.0,52.0,,
106,15,sex,catégorielle,,,,,,Féminin,100.0
107,15,marital_status,catégorielle,,,,,,Marié(e),100.0
108,15,city,catégorielle,,,,,,SARHALA,1.4884979702300407
109,15,milieu_resid,catégorielle,,,,,,Rural,100.0
110,15,region_name,catégorielle,,,,,,NAWA,6.359945872801083
111,15,bancarise,catégorielle,,,,,,1,100.0
112,16,age_num,numérique,8.101503759398497,7.0,6.068429432388616,0.0,33.0,,
113,16,sex,catégorielle,,,,,,Masculin,100.0
114,16,marital_status,catégorielle,,,,,,Célibataire,100.0
115,16,city,catégorielle,,,,,,MAHANDIANA-SOKOURANI,30.639097744360903
116,16,milieu_resid,catégorielle,,,,,,Rural,100.0
117,16,region_name,catégorielle,,,,,,FOLON,100.0
118,16,bancarise,catégorielle,,,,,,0,100.0
119,17,age_num,numérique,27.124752475247526,25.0,8.971863049306686,15.0,58.0,,
120,17,sex,catégorielle,,,,,,Féminin,100.0
121,17,marital_status,catégorielle,,,,,,Célibataire,92.67326732673268
122,17,city,catégorielle,,,,,,ABIDJAN,97.82178217821782
123,17,milieu_resid,catégorielle,,,,,,Urbain,100.0
124,17,region_name,catégorielle,,,,,,AUTONOME D'ABIDJAN,100.0
125,17,bancarise,catégorielle,,,,,,1,99.8019801980198
126,18,age_num,numérique,9.308196721311475,8.0,7.430030378312689,0.0,41.0,,
127,18,sex,catégorielle,,,,,,Masculin,100.0
128,18,marital_status,catégorielle,,,,,,Célibataire,99.8360655737705
129,18,city,catégorielle,,,,,,GNAMANGUI,15.573770491803279
130,18,milieu_resid,catégorielle,,,,,,Rural,100.0
131,18,region_name,catégorielle,,,,,,NAWA,100.0
132,18,bancarise,catégorielle,,,,,,0,100.0
133,19,age_num,numérique,9.462750716332378,9.0,6.476481181287458,0.0,40.0,,
134,19,sex,catégorielle,,,,,,Masculin,100.0
135,19,marital_status,catégorielle,,,,,,Célibataire,99.5702005730659
136,19,city,catégorielle,,,,,,VAVOUA,10.17191977077364
137,19,milieu_resid,catégorielle,,,,,,Rural,100.0
138,19,region_name,catégorielle,,,,,,HAUT-SASSANDRA,100.0
139,19,bancarise,catégorielle,,,,,,0,100.0
140,20,age_num,numérique,10.078028747433265,8.0,7.55950807667482,0.0,40.0,,
141,20,sex,catégorielle,,,,,,Masculin,100.0
142,20,marital_status,catégorielle,,,,,,Célibataire,99.7946611909651
143,20,city,catégorielle,,,,,,DUEKOUE,22.381930184804926
144,20,milieu_resid,catégorielle,,,,,,Rural,100.0
145,20,region_name,catégorielle,,,,,,GUEMON,100.0
146,20,bancarise,catégorielle,,,,,,0,100.0
147,21,age_num,numérique,26.336546888694127,24.0,8.723368796129277,15.0,53.0,,
148,21,sex,catégorielle,,,,,,Masculin,100.0
149,21,marital_status,catégorielle,,,,,,Célibataire,99.12357581069237
150,21,city,catégorielle,,,,,,YAMOUSSOUKRO,1.9281332164767746
151,21,milieu_resid,catégorielle,,,,,,Rural,100.0
152,21,region_name,catégorielle,,,,,,NAWA,7.186678352322525
153,21,bancarise,catégorielle,,,,,,1,100.0
154,22,age_num,numérique,40.285240464344945,39.0,9.908630641831072,20.0,70.0,,
155,22,sex,catégorielle,,,,,,Féminin,100.0
156,22,marital_status,catégorielle,,,,,,Marié(e),86.56716417910447
157,22,city,catégorielle,,,,,,ABIDJAN,99.17081260364843
158,22,milieu_resid,catégorielle,,,,,,Urbain,100.0
159,22,region_name,catégorielle,,,,,,AUTONOME D'ABIDJAN,100.0
160,22,bancarise,catégorielle,,,,,,1,70.97844112769486
161,23,age_num,numérique,59.596774193548384,60.0,9.190998854994517,35.0,94.0,,
162,23,sex,catégorielle,,,,,,Féminin,100.0
163,23,marital_status,catégorielle,,,,,,Veuf(ve),63.261648745519715
164,23,city,catégorielle,,,,,,ABIDJAN,14.695340501792115
165,23,milieu_resid,catégorielle,,,,,,Urbain,100.0
166,23,region_name,catégorielle,,,,,,AUTONOME D'ABIDJAN,15.949820788530467
167,23,bancarise,catégorielle,,,,,,1,100.0
168,24,age_num,numérique,40.63163371488033,40.0,4.4483967404803195,33.0,49.0,,
169,24,sex,catégorielle,,,,,,Féminin,100.0
170,24,marital_status,catégorielle,,,,,,Marié(e),100.0
171,24,city,catégorielle,,,,,,GOULIA,1.3007284079084287
172,24,milieu_resid,catégorielle,,,,,,Rural,100.0
173,24,region_name,catégorielle,,,,,,HAUT-SASSANDRA,6.815816857440167
174,24,bancarise,catégorielle,,,,,,0,100.0
175,25,age_num,numérique,8.046551724137931,7.0,5.473715352862198,0.0,34.0,,
176,25,sex,catégorielle,,,,,,Féminin,100.0
177,25,marital_status,catégorielle,,,,,,Célibataire,99.6551724137931
178,25,city,catégorielle,,,,,,SEITIFLA,11.03448275862069
179,25,milieu_resid,catégorielle,,,,,,Rural,100.0
180,25,region_name,catégorielle,,,,,,HAUT-SASSANDRA,100.0
181,25,bancarise,catégorielle,,,,,,0,100.0
182,26,age_num,numérique,7.615584415584416,7.0,5.080371360459109,0.0,30.0,,
183,26,sex,catégorielle,,,,,,Féminin,100.0
184,26,marital_status,catégorielle,,,,,,Célibataire,99.74025974025975
185,26,city,catégorielle,,,,,,SARHALA,17.402597402597404
186,26,milieu_resid,catégorielle,,,,,,Rural,100.0
187,26,region_name,catégorielle,,,,,,BERE,100.0
188,26,bancarise,catégorielle,,,,,,0,100.0
189,27,age_num,numérique,7.376383763837638,7.0,4.676817870402973,0.0,22.0,,
190,27,sex,catégorielle,,,,,,Féminin,100.0
191,27,marital_status,catégorielle,,,,,,Célibataire,99.63099630996311
192,27,city,catégorielle,,,,,,TENGRELA,23.616236162361623
193,27,milieu_resid,catégorielle,,,,,,Rural,100.0
194,27,region_name,catégorielle,,,,,,BAGOUE,100.0
195,27,bancarise,catégorielle,,,,,,0,100.0
196,28,age_num,numérique,8.407738095238095,8.0,5.786536066130929,0.0,32.0,,
197,28,sex,catégorielle,,,,,,Féminin,100.0
198,28,marital_status,catégorielle,,,,,,Célibataire,100.0
199,28,city,catégorielle,,,,,,OUME,14.583333333333334
200,28,milieu_resid,catégorielle,,,,,,Rural,100.0
201,28,region_name,catégorielle,,,,,,GÔH,100.0
202,28,bancarise,catégorielle,,,,,,0,100.0
203,29,age_num,numérique,39.95564516129032,39.0,10.219951927276705,18.0,72.0,,
204,29,sex,catégorielle,,,,,,Féminin,54.83870967741935
205,29,marital_status,catégorielle,,,,,,Marié(e),62.903225806451616
206,29,city,catégorielle,,,,,,YAMOUSSOUKRO,100.0
207,29,milieu_resid,catégorielle,,,,,,Urbain,100.0
208,29,region_name,catégorielle,,,,,,YAMOUSSOUKRO,100.0
209,29,bancarise,catégorielle,,,,,,1,99.59677419354838
210,30,age_num,numérique,10.790909090909091,9.0,8.414051581132757,0.0,39.0,,
211,30,sex,catégorielle,,,,,,Masculin,100.0
212,30,marital_status,catégorielle,,,,,,Célibataire,99.54545454545455
213,30,city,catégorielle,,,,,,GRAND-BASSAM,29.545454545454547
214,30,milieu_resid,catégorielle,,,,,,Urbain,100.0
215,30,region_name,catégorielle,,,,,,SUD-COMOE,100.0
216,30,bancarise,catégorielle,,,,,,0,100.0
217,31,age_num,numérique,35.04578096947935,36.0,6.168105160204909,17.0,45.0,,
218,31,sex,catégorielle,,,,,,Masculin,100.0
219,31,marital_status,catégorielle,,,,,,Marié(e),84.73967684021544
220,31,city,catégorielle,,,,,,MAHANDIANA-SOKOURANI,1.8850987432675044
221,31,milieu_resid,catégorielle,,,,,,Rural,100.0
222,31,region_name,catégorielle,,,,,,BOUNKANI,7.1813285457809695
223,31,bancarise,catégorielle,,,,,,0,100.0
224,32,age_num,numérique,9.89760348583878,9.0,6.8633237272324354,0.0,34.0,,
225,32,sex,catégorielle,,,,,,Masculin,100.0
226,32,marital_status,catégorielle,,,,,,Célibataire,99.78213507625271
227,32,city,catégorielle,,,,,,OUME,11.982570806100219
228,32,milieu_resid,catégorielle,,,,,,Rural,100.0
229,32,region_name,catégorielle,,,,,,GÔH,100.0
230,32,bancarise,catégorielle,,,,,,0,100.0
231,33,age_num,numérique,67.44472361809045,67.0,11.380778784514716,40.0,98.0,,
232,33,sex,catégorielle,,,,,,Féminin,97.23618090452261
233,33,marital_status,catégorielle,,,,,,Veuf(ve),84.67336683417085
234,33,city,catégorielle,,,,,,ABIDJAN,9.296482412060302
235,33,milieu_resid,catégorielle,,,,,,Urbain,100.0
236,33,region_name,catégorielle,,,,,,AUTONOME D'ABIDJAN,9.798994974874372
237,33,bancarise,catégorielle,,,,,,0,100.0
238,34,age_num,numérique,51.172649572649576,50.0,7.908678516585607,40.0,76.0,,
239,34,sex,catégorielle,,,,,,Féminin,100.0
240,34,marital_status,catégorielle,,,,,,Marié(e),87.52136752136752
241,34,city,catégorielle,,,,,,BOUAKE,3.7606837606837606
242,34,milieu_resid,catégorielle,,,,,,Urbain,100.0
243,34,region_name,catégorielle,,,,,,LA ME,7.0085470085470085
244,34,bancarise,catégorielle,,,,,,0,100.0
245,35,age_num,numérique,8.774946921443737,8.0,6.008530172812837,0.0,35.0,,
246,35,sex,catégorielle,,,,,,Masculin,100.0
247,35,marital_status,catégorielle,,,,,,Célibataire,100.0
248,35,city,catégorielle,,,,,,SARHALA,16.13588110403397
249,35,milieu_resid,catégorielle,,,,,,Rural,100.0
250,35,region_name,catégorielle,,,,,,BERE,100.0
251,35,bancarise,catégorielle,,,,,,0,100.0
252,36,age_num,numérique,9.63743676222597,9.0,6.300612489515449,0.0,37.0,,
253,36,sex,catégorielle,,,,,,Féminin,52.27655986509275
254,36,marital_status,catégorielle,,,,,,Célibataire,99.32546374367622
255,36,city,catégorielle,,,,,,YAMOUSSOUKRO,100.0
256,36,milieu_resid,catégorielle,,,,,,Urbain,73.69308600337267
257,36,region_name,catégorielle,,,,,,YAMOUSSOUKRO,100.0
258,36,bancarise,catégorielle,,,,,,0,100.0
259,37,age_num,numérique,9.162729658792651,8.0,7.107059270663452,0.0,35.0,,
260,37,sex,catégorielle,,,,,,Masculin,100.0
261,37,marital_status,catégorielle,,,,,,Célibataire,100.0
262,37,city,catégorielle,,,,,,LOBAKUYA,25.196850393700785
263,37,milieu_resid,catégorielle,,,,,,Rural,100.0
264,37,region_name,catégorielle,,,,,,GBÔKLE,100.0
265,37,bancarise,catégorielle,,,,,,0,100.0
266,38,age_num,numérique,8.628947368421052,7.0,6.489829993778429,0.0,34.0,,
267,38,sex,catégorielle,,,,,,Féminin,100.0
268,38,marital_status,catégorielle,,,,,,Célibataire,99.47368421052632
269,38,city,catégorielle,,,,,,LAOUD-IBA,13.684210526315791
270,38,milieu_resid,catégorielle,,,,,,Rural,100.0
271,38,region_name,catégorielle,,,,,,GONTOUGO,100.0
272,38,bancarise,catégorielle,,,,,,0,100.0
273,39,age_num,numérique,9.42056074766355,8.0,7.350642892603303,0.0,41.0,,
274,39,sex,catégorielle,,,,,,Masculin,100.0
275,39,marital_status,catégorielle,,,,,,Célibataire,99.68847352024922
276,39,city,catégorielle,,,,,,N'DOUCI,12.149532710280374
277,39,milieu_resid,catégorielle,,,,,,Rural,100.0
278,39,region_name,catégorielle,,,,,,AGNEBY-TIASSA,100.0
279,39,bancarise,catégorielle,,,,,,0,100.0
280,40,age_num,numérique,7.940993788819876,7.0,5.6914098472878845,0.0,33.0,,
281,40,sex,catégorielle,,,,,,Féminin,100.0
282,40,marital_status,catégorielle,,,,,,Célibataire,99.68944099378882
283,40,city,catégorielle,,,,,,GRAND-BEREBY,22.67080745341615
284,40,milieu_resid,catégorielle,,,,,,Rural,100.0
285,40,region_name,catégorielle,,,,,,SAN-PEDRO,100.0
286,40,bancarise,catégorielle,,,,,,0,100.0
287,41,age_num,numérique,7.440528634361233,7.0,5.27141784319406,0.0,33.0,,
288,41,sex,catégorielle,,,,,,Féminin,100.0
289,41,marital_status,catégorielle,,,,,,Célibataire,100.0
290,41,city,catégorielle,,,,,,FERKESSEDOUGOU,22.026431718061673
291,41,milieu_resid,catégorielle,,,,,,Rural,100.0
292,41,region_name,catégorielle,,,,,,TCHOLOGO,100.0
293,41,bancarise,catégorielle,,,,,,0,100.0
294,42,age_num,numérique,9.314606741573034,9.0,7.0009666631537675,0.0,30.0,,
295,42,sex,catégorielle,,,,,,Masculin,100.0
296,42,marital_status,catégorielle,,,,,,Célibataire,96.62921348314607
297,42,city,catégorielle,,,,,,DAOUKRO,79.7752808988764
298,42,milieu_resid,catégorielle,,,,,,Urbain,100.0
299,42,region_name,catégorielle,,,,,,IFFOU,100.0
300,42,bancarise,catégorielle,,,,,,0,98.87640449438202
301,43,age_num,numérique,7.966666666666667,7.0,5.821052433646906,0.0,34.0,,
302,43,sex,catégorielle,,,,,,Féminin,100.0
303,43,marital_status,catégorielle,,,,,,Célibataire,100.0
304,43,city,catégorielle,,,,,,GNAMANGUI,16.140350877192983
305,43,milieu_resid,catégorielle,,,,,,Rural,100.0
306,43,region_name,catégorielle,,,,,,NAWA,100.0
307,43,bancarise,catégorielle,,,,,,0,100.0
308,44,age_num,numérique,9.307692307692308,8.0,6.077414091015559,0.0,30.0,,
309,44,sex,catégorielle,,,,,,Féminin,100.0
310,44,marital_status,catégorielle,,,,,,Célibataire,100.0
311,44,city,catégorielle,,,,,,BEOUMI,16.666666666666664
312,44,milieu_resid,catégorielle,,,,,,Rural,100.0
313,44,region_name,catégorielle,,,,,,GBEKE,100.0
314,44,bancarise,catégorielle,,,,,,0,100.0
315,45,age_num,numérique,8.675438596491228,8.0,6.09340571550949,0.0,40.0,,
316,45,sex,catégorielle,,,,,,Masculin,100.0
317,45,marital_status,catégorielle,,,,,,Célibataire,100.0
318,45,city,catégorielle,,,,,,BOUAFLE,15.131578947368421
319,45,milieu_resid,catégorielle,,,,,,Rural,100.0
320,45,region_name,catégorielle,,,,,,MARAHOUE,100.0
321,45,bancarise,catégorielle,,,,,,0,100.0
322,46,age_num,numérique,9.07906976744186,8.0,6.5779495050791805,0.0,39.0,,
323,46,sex,catégorielle,,,,,,Féminin,100.0
324,46,marital_status,catégorielle,,,,,,Célibataire,99.53488372093024
325,46,city,catégorielle,,,,,,DUEKOUE,31.16279069767442
326,46,milieu_resid,catégorielle,,,,,,Urbain,100.0
327,46,region_name,catégorielle,,,,,,GUEMON,100.0
328,46,bancarise,catégorielle,,,,,,0,100.0
329,47,age_num,numérique,9.02593659942363,8.0,6.930448560957971,0.0,41.0,,
330,47,sex,catégorielle,,,,,,Masculin,100.0
331,47,marital_status,catégorielle,,,,,,Célibataire,100.0
332,47,city,catégorielle,,,,,,BOUNA,19.020172910662826
333,47,milieu_resid,catégorielle,,,,,,Rural,100.0
334,47,region_name,catégorielle,,,,,,BOUNKANI,100.0
335,47,bancarise,catégorielle,,,,,,0,100.0
336,48,age_num,numérique,8.850374064837906,7.0,7.320693690472618,0.0,40.0,,
337,48,sex,catégorielle,,,,,,Masculin,100.0
338,48,marital_status,catégorielle,,,,,,Célibataire,99.75062344139651
339,48,city,catégorielle,,,,,,NIAMBEZARIA,18.204488778054863
340,48,milieu_resid,catégorielle,,,,,,Rural,100.0
341,48,region_name,catégorielle,,,,,,LÔH-DJIBOUA,100.0
342,48,bancarise,catégorielle,,,,,,0,100.0
343,49,age_num,numérique,9.985250737463128,10.0,6.843760656404622,0.0,39.0,,
344,49,sex,catégorielle,,,,,,Féminin,100.0
345,49,marital_status,catégorielle,,,,,,Célibataire,99.11504424778761
346,49,city,catégorielle,,,,,,BOUAKE,94.10029498525073
347,49,milieu_resid,catégorielle,,,,,,Urbain,100.0
348,49,region_name,catégorielle,,,,,,GBEKE,100.0
349,49,bancarise,catégorielle,,,,,,0,100.0
350,50,age_num,numérique,10.408108108108108,10.0,6.658811566548183,0.0,34.0,,
351,50,sex,catégorielle,,,,,,Féminin,52.16216216216216
352,50,marital_status,catégorielle,,,,,,Célibataire,100.0
353,50,city,catégorielle,,,,,,KORHOGO,100.0
354,50,milieu_resid,catégorielle,,,,,,Urbain,100.0
355,50,region_name,catégorielle,,,,,,PORO,100.0
356,50,bancarise,catégorielle,,,,,,0,100.0
357,51,age_num,numérique,7.37378640776699,7.0,5.397223061147802,0.0,32.0,,
358,51,sex,catégorielle,,,,,,Féminin,100.0
359,51,marital_status,catégorielle,,,,,,Célibataire,99.75728155339806
360,51,city,catégorielle,,,,,,MAHANDIANA-SOKOURANI,31.06796116504854
361,51,milieu_resid,catégorielle,,,,,,Rural,100.0
362,51,region_name,catégorielle,,,,,,FOLON,100.0
363,51,bancarise,catégorielle,,,,,,0,100.0
364,52,age_num,numérique,48.37808417997097,48.0,4.485757186082116,41.0,57.0,,
365,52,sex,catégorielle,,,,,,Masculin,100.0
366,52,marital_status,catégorielle,,,,,,Marié(e),98.11320754716981
367,52,city,catégorielle,,,,,,DUEKOUE,1.5239477503628447
368,52,milieu_resid,catégorielle,,,,,,Rural,100.0
369,52,region_name,catégorielle,,,,,,HAUT-SASSANDRA,7.184325108853411
370,52,bancarise,catégorielle,,,,,,1,100.0
371,53,age_num,numérique,16.582608695652173,15.0,5.669275919056986,8.0,42.0,,
372,53,sex,catégorielle,,,,,,Féminin,100.0
373,53,marital_status,catégorielle,,,,,,Célibataire,99.56521739130434
374,53,city,catégorielle,,,,,,DIVO,4.695652173913043
375,53,milieu_resid,catégorielle,,,,,,Urbain,100.0
376,53,region_name,catégorielle,,,,,,SUD-COMOE,11.565217391304348
377,53,bancarise,catégorielle,,,,,,0,100.0
378,54,age_num,numérique,9.04391891891892,9.0,5.898126405773984,0.0,25.0,,
379,54,sex,catégorielle,,,,,,Féminin,66.21621621621621
380,54,marital_status,catégorielle,,,,,,Célibataire,100.0
381,54,city,catégorielle,,,,,,SAN-PEDRO,69.25675675675676
382,54,milieu_resid,catégorielle,,,,,,Urbain,100.0
383,54,region_name,catégorielle,,,,,,SAN-PEDRO,100.0
384,54,bancarise,catégorielle,,,,,,0,100.0
385,55,age_num,numérique,5.353769676884839,5.0,3.2414815965408312,0.0,13.0,,
386,55,sex,catégorielle,,,,,,Masculin,100.0
387,55,marital_status,catégorielle,,,,,,Célibataire,100.0
388,55,city,catégorielle,,,,,,DALOA,4.473902236951118
389,55,milieu_resid,catégorielle,,,,,,Urbain,100.0
390,55,region_name,catégorielle,,,,,,HAUT-SASSANDRA,8.16072908036454
391,55,bancarise,catégorielle,,,,,,0,100.0
392,56,age_num,numérique,47.62323943661972,46.0,10.715774296075809,23.0,76.0,,
393,56,sex,catégorielle,,,,,,Masculin,100.0
394,56,marital_status,catégorielle,,,,,,Marié(e),87.67605633802818
395,56,city,catégorielle,,,,,,ABIDJAN,98.41549295774648
396,56,milieu_resid,catégorielle,,,,,,Urbain,100.0
397,56,region_name,catégorielle,,,,,,AUTONOME D'ABIDJAN,100.0
398,56,bancarise,catégorielle,,,,,,1,89.08450704225352
399,57,age_num,numérique,9.300261096605745,8.0,6.553539065054837,0.0,39.0,,
400,57,sex,catégorielle,,,,,,Masculin,100.0
401,57,marital_status,catégorielle,,,,,,Célibataire,99.21671018276761
402,57,city,catégorielle,,,,,,ZOUAN-HOUNIEN,11.488250652741515
403,57,milieu_resid,catégorielle,,,,,,Rural,100.0
404,57,region_name,catégorielle,,,,,,TONKPI,100.0
405,57,bancarise,catégorielle,,,,,,0,100.0
406,58,age_num,numérique,9.697160883280757,9.0,6.820234100068039,0.0,36.0,,
407,58,sex,catégorielle,,,,,,Féminin,100.0
408,58,marital_status,catégorielle,,,,,,Célibataire,100.0
409,58,city,catégorielle,,,,,,MOLONOU-BLE,11.67192429022082
410,58,milieu_resid,catégorielle,,,,,,Rural,100.0
411,58,region_name,catégorielle,,,,,,BELIER,100.0
412,58,bancarise,catégorielle,,,,,,0,100.0
413,59,age_num,numérique,58.420333839150224,57.0,9.19846752190841,37.0,93.0,,
414,59,sex,catégorielle,,,,,,Féminin,100.0
415,59,marital_status,catégorielle,,,,,,Veuf(ve),38.23975720789075
416,59,city,catégorielle,,,,,,YAMOUSSOUKRO,2.8831562974203337
417,59,milieu_resid,catégorielle,,,,,,Rural,100.0
418,59,region_name,catégorielle,,,,,,MARAHOUE,6.828528072837632
419,59,bancarise,catégorielle,,,,,,1,100.0
420,60,age_num,numérique,5.641065028161802,5.0,3.6417002666813527,0.0,15.0,,
421,60,sex,catégorielle,,,,,,Féminin,100.0
422,60,marital_status,catégorielle,,,,,,Célibataire,100.0
423,60,city,catégorielle,,,,,,DALOA,6.400409626216078
424,60,milieu_resid,catégorielle,,,,,,Urbain,100.0
425,60,region_name,catégorielle,,,,,,HAUT-SASSANDRA,10.39426523297491
426,60,bancarise,catégorielle,,,,,,0,100.0
427,61,age_num,numérique,9.205731832139202,8.0,6.285036867347236,0.0,37.0,,
428,61,sex,catégorielle,,,,,,Masculin,100.0
429,61,marital_status,catégorielle,,,,,,Célibataire,100.0
430,61,city,catégorielle,,,,,,GUIGLO,6.448311156601842
431,61,milieu_resid,catégorielle,,,,,,Rural,100.0
432,61,region_name,catégorielle,,,,,,SUD-COMOE,38.485158648925285
433,61,bancarise,catégorielle,,,,,,0,100.0
434,62,age_num,numérique,9.064690026954178,9.0,6.342999426768174,0.0,36.0,,
435,62,sex,catégorielle,,,,,,Masculin,100.0
436,62,marital_status,catégorielle,,,,,,Célibataire,100.0
437,62,city,catégorielle,,,,,,KORHOGO,15.633423180592992
438,62,milieu_resid,catégorielle,,,,,,Rural,100.0
439,62,region_name,catégorielle,,,,,,PORO,100.0
440,62,bancarise,catégorielle,,,,,,0,100.0
441,63,age_num,numérique,8.99644128113879,9.0,6.305608739527375,0.0,33.0,,
442,63,sex,catégorielle,,,,,,Féminin,100.0
443,63,marital_status,catégorielle,,,,,,Célibataire,100.0
444,63,city,catégorielle,,,,,,M'BAHIAKRO,16.72597864768683
445,63,milieu_resid,catégorielle,,,,,,Rural,100.0
446,63,region_name,catégorielle,,,,,,IFFOU,100.0
447,63,bancarise,catégorielle,,,,,,0,100.0
448,64,age_num,numérique,25.036328871892927,22.0,8.256916457173043,15.0,49.0,,
449,64,sex,catégorielle,,,,,,Féminin,100.0
450,64,marital_status,catégorielle,,,,,,Célibataire,99.61759082217974
451,64,city,catégorielle,,,,,,BOUAKE,7.839388145315487
452,64,milieu_resid,catégorielle,,,,,,Urbain,100.0
453,64,region_name,catégorielle,,,,,,GBEKE,8.508604206500955
454,64,bancarise,catégorielle,,,,,,1,100.0
455,65,age_num,numérique,8.448,8.0,6.3098971575642535,0.0,33.0,,
456,65,sex,catégorielle,,,,,,Féminin,100.0
457,65,marital_status,catégorielle,,,,,,Célibataire,100.0
458,65,city,catégorielle,,,,,,LOBAKUYA,22.933333333333334
459,65,milieu_resid,catégorielle,,,,,,Rural,100.0
460,65,region_name,catégorielle,,,,,,GBÔKLE,100.0
461,65,bancarise,catégorielle,,,,,,0,100.0
462,66,age_num,numérique,7.466666666666667,7.0,5.501707899272479,0.0,29.0,,
463,66,sex,catégorielle,,,,,,Masculin,100.0
464,66,marital_status,catégorielle,,,,,,Célibataire,100.0
465,66,city,catégorielle,,,,,,WOROFLA,20.952380952380953
466,66,milieu_resid,catégorielle,,,,,,Rural,100.0
467,66,region_name,catégorielle,,,,,,WORODOUGOU,100.0
468,66,bancarise,catégorielle,,,,,,0,100.0
469,67,age_num,numérique,9.808943089430894,9.0,6.665176123399262,0.0,35.0,,
470,67,sex,catégorielle,,,,,,Féminin,69.10569105691057
471,67,marital_status,catégorielle,,,,,,Célibataire,99.59349593495935
472,67,city,catégorielle,,,,,,DABOU,65.04065040650406
473,67,milieu_resid,catégorielle,,,,,,Urbain,100.0
474,67,region_name,catégorielle,,,,,,GRANDS-PONTS,100.0
475,67,bancarise,catégorielle,,,,,,0,100.0
476,68,age_num,numérique,45.5588785046729,44.0,11.688200725221842,19.0,69.0,,
477,68,sex,catégorielle,,,,,,Masculin,100.0
478,68,marital_status,catégorielle,,,,,,Marié(e),81.12149532710279
479,68,city,catégorielle,,,,,,GAGNOA,2.6168224299065423
480,68,milieu_resid,catégorielle,,,,,,Urbain,100.0
481,68,region_name,catégorielle,,,,,,GUEMON,9.158878504672897
482,68,bancarise,catégorielle,,,,,,0,100.0
483,69,age_num,numérique,8.654811715481172,7.0,6.330526344700947,0.0,38.0,,
484,69,sex,catégorielle,,,,,,Masculin,100.0
485,69,marital_status,catégorielle,,,,,,Célibataire,99.7907949790795
486,69,city,catégorielle,,,,,,FERKESSEDOUGOU,20.502092050209207
487,69,milieu_resid,catégorielle,,,,,,Rural,100.0
488,69,region_name,catégorielle,,,,,,TCHOLOGO,100.0
489,69,bancarise,catégorielle,,,,,,0,100.0
490,70,age_num,numérique,7.970430107526882,8.0,5.16119533449531,0.0,23.0,,
491,70,sex,catégorielle,,,,,,Féminin,100.0
492,70,marital_status,catégorielle,,,,,,Célibataire,99.73118279569893
493,70,city,catégorielle,,,,,,NIAMBEZARIA,14.78494623655914
494,70,milieu_resid,catégorielle,,,,,,Rural,100.0
495,70,region_name,catégorielle,,,,,,LÔH-DJIBOUA,100.0
496,70,bancarise,catégorielle,,,,,,0,100.0
497,71,age_num,numérique,7.639082751744766,7.0,5.361760603031534,0.0,29.0,,
498,71,sex,catégorielle,,,,,,Féminin,100.0
499,71,marital_status,catégorielle,,,,,,Célibataire,100.0
500,71,city,catégorielle,,,,,,WOROFLA,2.8913260219341974
501,71,milieu_resid,catégorielle,,,,,,Rural,100.0
502,71,region_name,catégorielle,,,,,,PORO,17.39780658025922
503,71,bancarise,catégorielle,,,,,,0,100.0
504,72,age_num,numérique,10.011173184357542,9.0,6.354150214648327,0.0,33.0,,
505,72,sex,catégorielle,,,,,,Masculin,100.0
506,72,marital_status,catégorielle,,,,,,Célibataire,99.4413407821229
507,72,city,catégorielle,,,,,,BOUAKE,93.01675977653632
508,72,milieu_resid,catégorielle,,,,,,Urbain,92.45810055865921
509,72,region_name,catégorielle,,,,,,GBEKE,100.0
510,72,bancarise,catégorielle,,,,,,0,100.0
511,73,age_num,numérique,9.472,9.0,6.40008689780578,0.0,32.0,,
512,73,sex,catégorielle,,,,,,Masculin,100.0
513,73,marital_status,catégorielle,,,,,,Célibataire,99.46666666666667
514,73,city,catégorielle,,,,,,DABAKALA,16.8
515,73,milieu_resid,catégorielle,,,,,,Rural,100.0
516,73,region_name,catégorielle,,,,,,HAMBOL,100.0
517,73,bancarise,catégorielle,,,,,,0,100.0
518,74,age_num,numérique,7.978208232445521,7.0,5.6548810160823555,0.0,34.0,,
519,74,sex,catégorielle,,,,,,Féminin,100.0
520,74,marital_status,catégorielle,,,,,,Célibataire,99.75786924939467
521,74,city,catégorielle,,,,,,BOUAFLE,14.285714285714285
522,74,milieu_resid,catégorielle,,,,,,Rural,100.0
523,74,region_name,catégorielle,,,,,,MARAHOUE,100.0
524,74,bancarise,catégorielle,,,,,,0,100.0
525,75,age_num,numérique,9.201970443349754,8.0,7.040448628476114,0.0,34.0,,
526,75,sex,catégorielle,,,,,,Féminin,100.0
527,75,marital_status,catégorielle,,,,,,Célibataire,99.50738916256158
528,75,city,catégorielle,,,,,,ANDE,22.167487684729064
529,75,milieu_resid,catégorielle,,,,,,Rural,100.0
530,75,region_name,catégorielle,,,,,,MORONOU,100.0
531,75,bancarise,catégorielle,,,,,,0,100.0
532,76,age_num,numérique,48.02628434886499,48.0,4.447651622747283,39.0,59.0,,
533,76,sex,catégorielle,,,,,,Masculin,100.0
534,76,marital_status,catégorielle,,,,,,Marié(e),95.6989247311828
535,76,city,catégorielle,,,,,,BOUAKE,10.63321385902031
536,76,milieu_resid,catégorielle,,,,,,Urbain,100.0
537,76,region_name,catégorielle,,,,,,GBEKE,10.991636798088411
538,76,bancarise,catégorielle,,,,,,1,100.0
539,77,age_num,numérique,9.556407447973713,9.0,6.857640076240883,0.0,36.0,,
540,77,sex,catégorielle,,,,,,Masculin,100.0
541,77,marital_status,catégorielle,,,,,,Célibataire,100.0
542,77,city,catégorielle,,,,,,BOCANDA,4.216867469879518
543,77,milieu_resid,catégorielle,,,,,,Rural,100.0
544,77,region_name,catégorielle,,,,,,GONTOUGO,21.905805038335156
545,77,bancarise,catégorielle,,,,,,0,100.0
546,78,age_num,numérique,9.630653266331658,8.0,7.764919178539222,0.0,39.0,,
547,78,sex,catégorielle,,,,,,Masculin,100.0
548,78,marital_status,catégorielle,,,,,,Célibataire,99.74874371859298
549,78,city,catégorielle,,,,,,GRAND-BEREBY,25.125628140703515
550,78,milieu_resid,catégorielle,,,,,,Rural,100.0
551,78,region_name,catégorielle,,,,,,SAN-PEDRO,100.0
552,78,bancarise,catégorielle,,,,,,0,100.0
553,79,age_num,numérique,9.30976430976431,8.0,6.257946498607379,0.0,31.0,,
554,79,sex,catégorielle,,,,,,Féminin,100.0
555,79,marital_status,catégorielle,,,,,,Célibataire,100.0
556,79,city,catégorielle,,,,,,ADAOU,8.080808080808081
557,79,milieu_resid,catégorielle,,,,,,Rural,100.0
558,79,region_name,catégorielle,,,,,,SUD-COMOE,57.407407407407405
559,79,bancarise,catégorielle,,,,,,0,100.0
560,80,age_num,numérique,36.50949367088607,36.0,9.967772398560289,15.0,61.0,,
561,80,sex,catégorielle,,,,,,Féminin,100.0
562,80,marital_status,catégorielle,,,,,,Union libre,56.80379746835443
563,80,city,catégorielle,,,,,,BOCANDA,1.5822784810126582
564,80,milieu_resid,catégorielle,,,,,,Rural,100.0
565,80,region_name,catégorielle,,,,,,BELIER,6.645569620253164
566,80,bancarise,catégorielle,,,,,,0,100.0
567,81,age_num,numérique,16.04710793082886,15.0,4.974114286147981,9.0,40.0,,
568,81,sex,catégorielle,,,,,,Masculin,100.0
569,81,marital_status,catégorielle,,,,,,Célibataire,99.76147883124628
570,81,city,catégorielle,,,,,,DIVO,2.564102564102564
571,81,milieu_resid,catégorielle,,,,,,Urbain,100.0
572,81,region_name,catégorielle,,,,,,LA ME,7.155635062611807
573,81,bancarise,catégorielle,,,,,,0,100.0
574,82,age_num,numérique,8.908376963350785,8.0,5.991199406188827,0.0,31.0,,
575,82,sex,catégorielle,,,,,,Masculin,100.0
576,82,marital_status,catégorielle,,,,,,Célibataire,100.0
577,82,city,catégorielle,,,,,,TENGRELA,21.465968586387437
578,82,milieu_resid,catégorielle,,,,,,Rural,100.0
579,82,region_name,catégorielle,,,,,,BAGOUE,100.0
580,82,bancarise,catégorielle,,,,,,0,100.0
581,83,age_num,numérique,9.889182058047494,9.0,6.3756617348095,0.0,33.0,,
582,83,sex,catégorielle,,,,,,Féminin,76.2532981530343
583,83,marital_status,catégorielle,,,,,,Célibataire,99.47229551451187
584,83,city,catégorielle,,,,,,MAN,48.812664907651715
585,83,milieu_resid,catégorielle,,,,,,Urbain,100.0
586,83,region_name,catégorielle,,,,,,TONKPI,100.0
587,83,bancarise,catégorielle,,,,,,0,100.0
588,84,age_num,numérique,7.90009425070688,7.0,5.405221967635579,0.0,29.0,,
589,84,sex,catégorielle,,,,,,Féminin,100.0
590,84,marital_status,catégorielle,,,,,,Célibataire,100.0
591,84,city,catégorielle,,,,,,GRAND-LAHOU,4.524033930254477
592,84,milieu_resid,catégorielle,,,,,,Rural,100.0
593,84,region_name,catégorielle,,,,,,TONKPI,28.086710650329877
594,84,bancarise,catégorielle,,,,,,0,100.0
595,85,age_num,numérique,33.89655172413793,35.0,5.008546590544352,17.0,41.0,,
596,85,sex,catégorielle,,,,,,Masculin,100.0
597,85,marital_status,catégorielle,,,,,,Marié(e),100.0
598,85,city,catégorielle,,,,,,DIAWALA,1.0889292196007259
599,85,milieu_resid,catégorielle,,,,,,Rural,100.0
600,85,region_name,catégorielle,,,,,,TCHOLOGO,5.263157894736842
601,85,bancarise,catégorielle,,,,,,1,100.0
602,86,age_num,numérique,9.302631578947368,9.0,6.901513177633267,0.0,41.0,,
603,86,sex,catégorielle,,,,,,Masculin,100.0
604,86,marital_status,catégorielle,,,,,,Célibataire,99.3421052631579
605,86,city,catégorielle,,,,,,M'BAHIAKRO,14.144736842105262
606,86,milieu_resid,catégorielle,,,,,,Rural,100.0
607,86,region_name,catégorielle,,,,,,IFFOU,100.0
608,86,bancarise,catégorielle,,,,,,0,100.0
609,87,age_num,numérique,8.881006864988558,8.0,6.325246551560356,0.0,35.0,,
610,87,sex,catégorielle,,,,,,Féminin,100.0
611,87,marital_status,catégorielle,,,,,,Célibataire,100.0
612,87,city,catégorielle,,,,,,DUEKOUE,19.450800915331808
613,87,milieu_resid,catégorielle,,,,,,Rural,100.0
614,87,region_name,catégorielle,,,,,,GUEMON,100.0
615,87,bancarise,catégorielle,,,,,,0,100.0
616,88,age_num,numérique,58.182530795072786,57.0,7.050367121472271,49.0,89.0,,
617,88,sex,catégorielle,,,,,,Féminin,100.0
618,88,marital_status,catégorielle,,,,,,Marié(e),97.3124300111982
619,88,city,catégorielle,,,,,,BOCANDA,1.1198208286674132
620,88,milieu_resid,catégorielle,,,,,,Rural,100.0
621,88,region_name,catégorielle,,,,,,HAUT-SASSANDRA,4.8152295632698765
622,88,bancarise,catégorielle,,,,,,0,100.0
623,89,age_num,numérique,10.227611940298507,9.0,7.706973269218027,0.0,39.0,,
624,89,sex,catégorielle,,,,,,Masculin,100.0
625,89,marital_status,catégorielle,,,,,,Célibataire,99.6268656716418
626,89,city,catégorielle,,,,,,M'BATTO,22.761194029850746
627,89,milieu_resid,catégorielle,,,,,,Rural,100.0
628,89,region_name,catégorielle,,,,,,MORONOU,100.0
629,89,bancarise,catégorielle,,,,,,0,100.0
630,90,age_num,numérique,9.841698841698841,10.0,6.173370435111375,0.0,30.0,,
631,90,sex,catégorielle,,,,,,Féminin,71.04247104247105
632,90,marital_status,catégorielle,,,,,,Célibataire,100.0
633,90,city,catégorielle,,,,,,ABENGOUROU,62.16216216216216
634,90,milieu_resid,catégorielle,,,,,,Urbain,100.0
635,90,region_name,catégorielle,,,,,,INDENIE-DJUABLIN,100.0
636,90,bancarise,catégorielle,,,,,,0,100.0
637,91,age_num,numérique,74.52401746724891,73.0,7.125053004963927,64.0,102.0,,
638,91,sex,catégorielle,,,,,,Masculin,99.34497816593887
639,91,marital_status,catégorielle,,,,,,Marié(e),81.00436681222706
640,91,city,catégorielle,,,,,,BOCANDA,2.1834061135371177
641,91,milieu_resid,catégorielle,,,,,,Rural,84.06113537117903
642,91,region_name,catégorielle,,,,,,N'ZI,6.331877729257641
643,91,bancarise,catégorielle,,,,,,0,100.0
644,92,age_num,numérique,29.375595805529077,29.0,6.161163706488437,15.0,41.0,,
645,92,sex,catégorielle,,,,,,Féminin,100.0
646,92,marital_status,catégorielle,,,,,,Marié(e),90.46711153479504
647,92,city,catégorielle,,,,,,KORHOGO,3.336510962821735
648,92,milieu_resid,catégorielle,,,,,,Urbain,100.0
649,92,region_name,catégorielle,,,,,,CAVALLY,7.0543374642516685
650,92,bancarise,catégorielle,,,,,,0,100.0
651,93,age_num,numérique,34.538983050847456,34.0,8.607325960296064,17.0,56.0,,
652,93,sex,catégorielle,,,,,,Masculin,56.949152542372886
653,93,marital_status,catégorielle,,,,,,Union libre,100.0
654,93,city,catégorielle,,,,,,DABOU,6.101694915254238
655,93,milieu_resid,catégorielle,,,,,,Urbain,100.0
656,93,region_name,catégorielle,,,,,,GRANDS-PONTS,13.898305084745763
657,93,bancarise,catégorielle,,,,,,1,100.0
658,94,age_num,numérique,27.174664107485604,25.0,8.085969040235785,15.0,53.0,,
659,94,sex,catégorielle,,,,,,Masculin,100.0
660,94,marital_status,catégorielle,,,,,,Célibataire,96.1612284069098
661,94,city,catégorielle,,,,,,ABIDJAN,97.12092130518234
662,94,milieu_resid,catégorielle,,,,,,Urbain,100.0
663,94,region_name,catégorielle,,,,,,AUTONOME D'ABIDJAN,100.0
664,94,bancarise,catégorielle,,,,,,1,99.23224568138195
665,95,age_num,numérique,9.787937743190662,9.5,6.308181082159684,0.0,36.0,,
666,95,sex,catégorielle,,,,,,Féminin,50.0
667,95,marital_status,catégorielle,,,,,,Célibataire,99.80544747081711
668,95,city,catégorielle,,,,,,GAGNOA,52.723735408560316
669,95,milieu_resid,catégorielle,,,,,,Urbain,100.0
670,95,region_name,catégorielle,,,,,,GÔH,100.0
671,95,bancarise,catégorielle,,,,,,0,100.0
672,96,age_num,numérique,8.626415094339622,8.0,6.273445447406828,0.0,38.0,,
673,96,sex,catégorielle,,,,,,Masculin,100.0
674,96,marital_status,catégorielle,,,,,,Célibataire,100.0
675,96,city,catégorielle,,,,,,NIABLE,15.471698113207546
676,96,milieu_resid,catégorielle,,,,,,Rural,100.0
677,96,region_name,catégorielle,,,,,,INDENIE-DJUABLIN,100.0
678,96,bancarise,catégorielle,,,,,,0,100.0
