mstat,rev_total_mois,age_grp,empl_formel,bancarise,a_assurance,logem,cluster,score_inclusion,categorie_inclusion
Veuf,229063,18-25,Non,Oui,Oui,Proprio avec titre,2,75,Très inclus
Union libre,1062537,18-25,Non,Non,Oui,Hébergé,2,15,Exclu
Marié,421015,46-55,Non,Non,Non,Proprio avec titre,1,30,Partiellement inclus
Veuf,91408,56+,Oui,Non,Non,Locataire,0,35,Partiellement inclus
Veuf,66276,36-45,Oui,Non,Non,Proprio sans titre,0,55,Inclus
Union libre,266177,56+,Oui,Non,Non,Proprio avec titre,0,55,Inclus
Marié,43467,46-55,Non,Non,Non,Proprio avec titre,1,30,Partiellement inclus
Marié,1016076,18-25,Oui,Non,Oui,Hébergé,2,40,Partiellement inclus
Veuf,529368,56+,Non,Non,Oui,Hébergé,2,15,Exclu
Célibataire,101806,56+,Non,Oui,Non,Proprio avec titre,1,60,Inclus
Veuf,29344,18-25,Non,Non,Non,Locataire,3,10,Exclu
Veuf,630250,36-45,Oui,Non,Non,Locataire,0,35,Partiellement inclus
Veuf,145140,18-25,Non,Non,Oui,Proprio sans titre,2,45,Partiellement inclus
Veuf,561190,56+,Non,Oui,Non,Proprio avec titre,1,60,Inclus
Union libre,33043,36-45,Non,Oui,Non,Hébergé,3,30,Partiellement inclus
Marié,89377,36-45,Oui,Non,Non,Locataire,0,35,Partiellement inclus
Union libre,163610,18-25,Non,Oui,Non,Proprio sans titre,1,60,Inclus
Union libre,170583,56+,Oui,Non,Non,Proprio avec titre,0,55,Inclus
Union libre,103770,46-55,Oui,Oui,Non,Locataire,0,65,Inclus
Veuf,303412,56+,Non,Oui,Non,Proprio avec titre,1,60,Inclus
Célibataire,55959,26-35,Non,Non,Oui,Proprio avec titre,2,45,Partiellement inclus
Marié,141155,46-55,Non,Non,Non,Locataire,3,10,Exclu
Célibataire,183559,36-45,Non,Non,Non,Locataire,3,10,Exclu
Union libre,272239,46-55,Non,Non,Oui,Locataire,2,25,Partiellement inclus
Union libre,331576,36-45,Non,Oui,Non,Proprio avec titre,1,60,Inclus
Célibataire,52857,36-45,Oui,Non,Non,Proprio avec titre,0,55,Inclus
Célibataire,35097,46-55,Non,Oui,Oui,Proprio sans titre,2,75,Très inclus
Célibataire,584012,36-45,Oui,Non,Non,Hébergé,0,25,Partiellement inclus
Union libre,226911,36-45,Non,Non,Oui,Proprio avec titre,2,45,Partiellement inclus
Union libre,76996,26-35,Non,Oui,Non,Hébergé,3,30,Partiellement inclus
Marié,767698,56+,Oui,Non,Non,Locataire,0,35,Partiellement inclus
Marié,182713,56+,Non,Non,Non,Proprio avec titre,1,30,Partiellement inclus
Union libre,529292,26-35,Non,Oui,Non,Proprio sans titre,1,60,Inclus
Célibataire,174123,46-55,Non,Non,Non,Proprio sans titre,1,30,Partiellement inclus
Célibataire,1277924,18-25,Non,Oui,Non,Hébergé,3,30,Partiellement inclus
Marié,941604,18-25,Non,Oui,Oui,Locataire,2,55,Inclus
Union libre,126884,18-25,Non,Non,Non,Hébergé,3,0,Exclu
Marié,430013,26-35,Oui,Non,Oui,Locataire,2,50,Inclus
Marié,310325,26-35,Non,Non,Non,Proprio sans titre,1,30,Partiellement inclus
Veuf,639621,36-45,Non,Non,Non,Hébergé,3,0,Exclu
Veuf,62011,18-25,Oui,Non,Oui,Proprio sans titre,2,70,Inclus
Veuf,323208,46-55,Oui,Non,Non,Proprio sans titre,0,55,Inclus
Célibataire,469031,46-55,Non,Oui,Oui,Locataire,2,55,Inclus
Union libre,28036,18-25,Non,Oui,Oui,Hébergé,2,45,Partiellement inclus
Union libre,49848,18-25,Non,Oui,Non,Hébergé,3,30,Partiellement inclus
Union libre,21179,18-25,Non,Oui,Oui,Proprio sans titre,2,75,Très inclus
Union libre,124317,26-35,Oui,Non,Oui,Proprio sans titre,2,70,Inclus
Veuf,333548,26-35,Oui,Oui,Oui,Locataire,2,80,Très inclus
Célibataire,731137,26-35,Non,Oui,Non,Proprio avec titre,1,60,Inclus
Célibataire,175272,56+,Oui,Oui,Oui,Proprio avec titre,2,100,Très inclus
Veuf,829530,46-55,Oui,Non,Non,Proprio sans titre,0,55,Inclus
Célibataire,40941,46-55,Oui,Non,Oui,Proprio avec titre,2,70,Inclus
Veuf,29632,36-45,Non,Non,Non,Proprio avec titre,1,30,Partiellement inclus
Union libre,153960,26-35,Non,Non,Non,Proprio avec titre,1,30,Partiellement inclus
Veuf,238963,56+,Oui,Non,Oui,Proprio avec titre,2,70,Inclus
Union libre,157519,56+,Non,Non,Non,Proprio sans titre,1,30,Partiellement inclus
Union libre,20589,46-55,Non,Oui,Non,Proprio avec titre,1,60,Inclus
Marié,148877,26-35,Non,Non,Non,Proprio avec titre,1,30,Partiellement inclus
Veuf,44158,36-45,Oui,Non,Non,Locataire,0,35,Partiellement inclus
Marié,317957,26-35,Non,Non,Oui,Proprio sans titre,2,45,Partiellement inclus
Veuf,234825,18-25,Oui,Non,Non,Hébergé,0,25,Partiellement inclus
Veuf,63584,26-35,Non,Non,Non,Hébergé,3,0,Exclu
Marié,97356,18-25,Non,Non,Non,Locataire,3,10,Exclu
Marié,56431,18-25,Oui,Non,Non,Locataire,0,35,Partiellement inclus
Veuf,152866,36-45,Non,Oui,Non,Proprio sans titre,1,60,Inclus
Célibataire,423006,46-55,Non,Non,Non,Hébergé,3,0,Exclu
Union libre,60734,26-35,Oui,Oui,Oui,Proprio avec titre,2,100,Très inclus
Marié,269425,18-25,Non,Non,Oui,Locataire,2,25,Partiellement inclus
Union libre,95773,26-35,Oui,Non,Oui,Hébergé,2,40,Partiellement inclus
Célibataire,73653,46-55,Non,Oui,Non,Proprio sans titre,1,60,Inclus
Célibataire,146234,46-55,Non,Non,Non,Proprio avec titre,1,30,Partiellement inclus
Célibataire,57800,56+,Non,Oui,Non,Proprio sans titre,1,60,Inclus
Marié,93559,46-55,Oui,Non,Non,Locataire,0,35,Partiellement inclus
Célibataire,49124,36-45,Non,Oui,Non,Hébergé,3,30,Partiellement inclus
Marié,1160922,18-25,Non,Non,Non,Hébergé,3,0,Exclu
Célibataire,168596,56+,Non,Oui,Non,Hébergé,3,30,Partiellement inclus
Union libre,80843,36-45,Non,Non,Non,Hébergé,3,0,Exclu
Union libre,201587,26-35,Non,Oui,Non,Proprio avec titre,1,60,Inclus
Veuf,145462,18-25,Oui,Non,Non,Proprio avec titre,0,55,Inclus
Union libre,130487,46-55,Oui,Non,Non,Proprio sans titre,0,55,Inclus
Veuf,300789,18-25,Non,Non,Non,Proprio avec titre,1,30,Partiellement inclus
Union libre,347148,26-35,Oui,Non,Non,Locataire,0,35,Partiellement inclus
Marié,95750,56+,Non,Non,Non,Locataire,3,10,Exclu
Union libre,91508,56+,Non,Oui,Non,Hébergé,3,30,Partiellement inclus
Veuf,123617,56+,Oui,Oui,Oui,Locataire,2,80,Très inclus
Veuf,16286,46-55,Non,Oui,Non,Proprio sans titre,1,60,Inclus
Célibataire,35768,36-45,Non,Non,Oui,Proprio avec titre,2,45,Partiellement inclus
Marié,638498,36-45,Non,Non,Non,Proprio avec titre,1,30,Partiellement inclus
Union libre,843206,18-25,Oui,Oui,Non,Proprio avec titre,0,85,Très inclus
Célibataire,126875,46-55,Oui,Non,Non,Locataire,0,35,Partiellement inclus
Union libre,289687,56+,Non,Non,Oui,Proprio avec titre,2,45,Partiellement inclus
Union libre,222181,56+,Non,Non,Non,Hébergé,3,0,Exclu
Célibataire,3537323,26-35,Non,Oui,Non,Hébergé,3,30,Partiellement inclus
Célibataire,498607,26-35,Non,Oui,Oui,Hébergé,2,45,Partiellement inclus
Célibataire,143212,56+,Oui,Non,Non,Locataire,0,35,Partiellement inclus
Célibataire,62596,56+,Non,Non,Non,Proprio avec titre,1,30,Partiellement inclus
Célibataire,32648,46-55,Oui,Oui,Non,Locataire,0,65,Inclus
Union libre,199478,36-45,Non,Non,Oui,Proprio avec titre,2,45,Partiellement inclus
Célibataire,76393,26-35,Non,Non,Non,Proprio sans titre,1,30,Partiellement inclus
Marié,39251,36-45,Non,Non,Non,Proprio sans titre,1,30,Partiellement inclus
Veuf,85257,46-55,Non,Non,Non,Locataire,3,10,Exclu
Célibataire,55185,56+,Oui,Oui,Non,Hébergé,0,55,Inclus
Célibataire,879528,36-45,Non,Oui,Oui,Locataire,2,55,Inclus
Union libre,393029,56+,Oui,Non,Oui,Hébergé,2,40,Partiellement inclus
Célibataire,161462,56+,Non,Oui,Oui,Proprio avec titre,2,75,Très inclus
Célibataire,714933,18-25,Oui,Oui,Non,Hébergé,0,55,Inclus
Célibataire,175846,36-45,Non,Oui,Oui,Hébergé,2,45,Partiellement inclus
Union libre,68783,36-45,Non,Oui,Oui,Proprio avec titre,2,75,Très inclus
Célibataire,746479,56+,Oui,Oui,Non,Proprio sans titre,0,85,Très inclus
Veuf,278984,46-55,Oui,Oui,Oui,Proprio avec titre,2,100,Très inclus
Union libre,57685,18-25,Non,Oui,Oui,Locataire,2,55,Inclus
Veuf,134545,56+,Non,Oui,Non,Locataire,3,40,Partiellement inclus
Union libre,67804,26-35,Oui,Non,Oui,Locataire,2,50,Inclus
Célibataire,40831,26-35,Oui,Non,Non,Locataire,0,35,Partiellement inclus
Veuf,410929,18-25,Oui,Non,Non,Locataire,0,35,Partiellement inclus
Union libre,1098456,46-55,Non,Oui,Non,Proprio sans titre,1,60,Inclus
Marié,40192,56+,Non,Oui,Non,Proprio sans titre,1,60,Inclus
Célibataire,285777,36-45,Oui,Non,Non,Hébergé,0,25,Partiellement inclus
Union libre,84910,18-25,Oui,Non,Non,Locataire,0,35,Partiellement inclus
Marié,99994,46-55,Oui,Non,Non,Proprio avec titre,0,55,Inclus
Union libre,90003,36-45,Oui,Oui,Non,Locataire,0,65,Inclus
Marié,68597,26-35,Non,Non,Non,Proprio sans titre,1,30,Partiellement inclus
Célibataire,170846,26-35,Oui,Oui,Non,Locataire,0,65,Inclus
Veuf,70901,36-45,Oui,Oui,Non,Proprio sans titre,0,85,Très inclus
Marié,213300,18-25,Non,Non,Oui,Hébergé,2,15,Exclu
Union libre,154780,26-35,Oui,Non,Oui,Hébergé,2,40,Partiellement inclus
Célibataire,128162,56+,Non,Oui,Oui,Hébergé,2,45,Partiellement inclus
Marié,65672,36-45,Non,Oui,Non,Proprio sans titre,1,60,Inclus
Union libre,91420,36-45,Non,Non,Non,Locataire,3,10,Exclu
Union libre,346414,26-35,Non,Oui,Non,Locataire,3,40,Partiellement inclus
Union libre,268583,18-25,Non,Oui,Non,Proprio avec titre,1,60,Inclus
Marié,61233,56+,Non,Oui,Non,Proprio sans titre,1,60,Inclus
Marié,179751,18-25,Non,Non,Oui,Proprio avec titre,2,45,Partiellement inclus
Marié,345030,46-55,Non,Oui,Oui,Hébergé,2,45,Partiellement inclus
Veuf,30656,46-55,Non,Non,Non,Locataire,3,10,Exclu
Marié,280228,26-35,Non,Non,Non,Proprio sans titre,1,30,Partiellement inclus
Marié,83899,26-35,Oui,Non,Non,Proprio avec titre,0,55,Inclus
Marié,287966,26-35,Oui,Non,Non,Proprio avec titre,0,55,Inclus
Veuf,75867,46-55,Oui,Oui,Oui,Proprio avec titre,2,100,Très inclus
Marié,26772,18-25,Non,Oui,Non,Locataire,3,40,Partiellement inclus
Union libre,31966,18-25,Non,Oui,Non,Locataire,3,40,Partiellement inclus
Marié,170772,26-35,Non,Oui,Oui,Locataire,2,55,Inclus
Union libre,211023,56+,Non,Non,Non,Proprio sans titre,1,30,Partiellement inclus
Union libre,65886,18-25,Non,Oui,Non,Locataire,3,40,Partiellement inclus
Union libre,308227,46-55,Oui,Oui,Non,Proprio sans titre,0,85,Très inclus
Veuf,30899,36-45,Non,Oui,Non,Proprio avec titre,1,60,Inclus
Veuf,152347,36-45,Non,Non,Non,Proprio avec titre,1,30,Partiellement inclus
Veuf,48483,36-45,Non,Oui,Oui,Hébergé,2,45,Partiellement inclus
Marié,84809,56+,Oui,Oui,Non,Locataire,0,65,Inclus
Union libre,170654,26-35,Non,Oui,Non,Proprio avec titre,1,60,Inclus
Veuf,68843,46-55,Non,Non,Oui,Locataire,2,25,Partiellement inclus
Veuf,110795,56+,Non,Non,Oui,Proprio sans titre,2,45,Partiellement inclus
Marié,445206,46-55,Non,Oui,Non,Proprio avec titre,1,60,Inclus
Veuf,91409,46-55,Non,Oui,Non,Locataire,3,40,Partiellement inclus
Marié,375379,26-35,Oui,Oui,Oui,Proprio avec titre,2,100,Très inclus
Célibataire,52590,36-45,Non,Oui,Non,Proprio avec titre,1,60,Inclus
Veuf,276455,26-35,Non,Non,Non,Locataire,3,10,Exclu
Célibataire,688016,56+,Non,Non,Oui,Proprio avec titre,2,45,Partiellement inclus
Marié,13743,56+,Non,Oui,Oui,Proprio avec titre,2,75,Très inclus
Union libre,73357,56+,Oui,Non,Non,Proprio avec titre,0,55,Inclus
Veuf,289836,26-35,Oui,Oui,Oui,Proprio avec titre,2,100,Très inclus
Marié,132847,46-55,Non,Non,Non,Proprio sans titre,1,30,Partiellement inclus
Union libre,235895,46-55,Non,Non,Oui,Proprio avec titre,2,45,Partiellement inclus
Union libre,88966,18-25,Non,Oui,Non,Hébergé,3,30,Partiellement inclus
Célibataire,177475,56+,Oui,Non,Non,Proprio avec titre,0,55,Inclus
Marié,139291,46-55,Non,Oui,Non,Locataire,3,40,Partiellement inclus
Union libre,523232,18-25,Non,Oui,Non,Hébergé,3,30,Partiellement inclus
Veuf,209907,46-55,Non,Oui,Non,Proprio sans titre,1,60,Inclus
Veuf,228114,56+,Oui,Oui,Non,Hébergé,0,55,Inclus
Célibataire,107809,36-45,Non,Non,Non,Hébergé,3,0,Exclu
Union libre,99946,56+,Non,Non,Oui,Hébergé,2,15,Exclu
Marié,105602,26-35,Oui,Non,Non,Locataire,0,35,Partiellement inclus
Veuf,241458,46-55,Non,Non,Oui,Locataire,2,25,Partiellement inclus
Union libre,106832,46-55,Non,Non,Non,Locataire,3,10,Exclu
Union libre,217461,26-35,Non,Oui,Non,Proprio sans titre,1,60,Inclus
Célibataire,1296787,26-35,Non,Oui,Non,Locataire,3,40,Partiellement inclus
Veuf,388918,36-45,Oui,Oui,Oui,Locataire,2,80,Très inclus
Veuf,117474,46-55,Oui,Non,Non,Hébergé,0,25,Partiellement inclus
Marié,541021,46-55,Non,Non,Non,Locataire,3,10,Exclu
Veuf,108220,36-45,Oui,Oui,Non,Proprio avec titre,0,85,Très inclus
Marié,21202,18-25,Non,Non,Non,Locataire,3,10,Exclu
Veuf,59391,36-45,Oui,Non,Oui,Proprio sans titre,2,70,Inclus
Célibataire,25064,56+,Non,Non,Non,Proprio sans titre,1,30,Partiellement inclus
Veuf,114517,46-55,Non,Oui,Non,Proprio avec titre,1,60,Inclus
Marié,165780,26-35,Non,Oui,Non,Proprio sans titre,1,60,Inclus
Marié,870164,56+,Non,Oui,Non,Proprio sans titre,1,60,Inclus
Célibataire,225692,46-55,Non,Oui,Oui,Hébergé,2,45,Partiellement inclus
Veuf,130731,36-45,Non,Oui,Oui,Proprio avec titre,2,75,Très inclus
Veuf,373026,56+,Oui,Non,Non,Hébergé,0,25,Partiellement inclus
Célibataire,17834,46-55,Non,Oui,Oui,Hébergé,2,45,Partiellement inclus
Veuf,205996,18-25,Non,Non,Non,Locataire,3,10,Exclu
Veuf,351816,18-25,Non,Non,Non,Proprio avec titre,1,30,Partiellement inclus
Marié,37101,26-35,Non,Non,Oui,Locataire,2,25,Partiellement inclus
Veuf,510810,46-55,Non,Oui,Non,Locataire,3,40,Partiellement inclus
Veuf,228318,18-25,Non,Non,Oui,Hébergé,2,15,Exclu
Célibataire,107442,36-45,Oui,Non,Non,Proprio sans titre,0,55,Inclus
Célibataire,306441,46-55,Non,Oui,Oui,Proprio avec titre,2,75,Très inclus
Union libre,1576460,36-45,Non,Oui,Oui,Proprio sans titre,2,75,Très inclus
Marié,195216,36-45,Oui,Non,Non,Hébergé,0,25,Partiellement inclus
Veuf,208609,18-25,Non,Oui,Non,Hébergé,3,30,Partiellement inclus
Veuf,102810,46-55,Oui,Oui,Non,Hébergé,0,55,Inclus
Union libre,69574,56+,Non,Oui,Non,Hébergé,3,30,Partiellement inclus
Veuf,373373,18-25,Non,Oui,Non,Hébergé,3,30,Partiellement inclus
Marié,69141,18-25,Non,Non,Non,Hébergé,3,0,Exclu
Union libre,174829,46-55,Non,Oui,Non,Proprio sans titre,1,60,Inclus
Marié,100946,46-55,Non,Non,Non,Locataire,3,10,Exclu
Union libre,262755,36-45,Oui,Non,Non,Proprio sans titre,0,55,Inclus
Union libre,227217,46-55,Non,Non,Non,Proprio avec titre,1,30,Partiellement inclus
Célibataire,459337,36-45,Non,Non,Non,Proprio sans titre,1,30,Partiellement inclus
Marié,97731,18-25,Oui,Non,Non,Hébergé,0,25,Partiellement inclus
Veuf,124259,26-35,Oui,Oui,Non,Proprio sans titre,0,85,Très inclus
Veuf,61159,56+,Oui,Non,Non,Locataire,0,35,Partiellement inclus
Marié,104370,18-25,Oui,Non,Non,Proprio avec titre,0,55,Inclus
Veuf,237352,46-55,Non,Non,Oui,Proprio sans titre,2,45,Partiellement inclus
Veuf,346968,56+,Non,Non,Non,Locataire,3,10,Exclu
Marié,64720,26-35,Oui,Oui,Oui,Proprio sans titre,2,100,Très inclus
Union libre,388328,26-35,Non,Oui,Non,Proprio avec titre,1,60,Inclus
Marié,631364,36-45,Oui,Non,Oui,Proprio sans titre,2,70,Inclus
Union libre,246085,56+,Non,Oui,Non,Hébergé,3,30,Partiellement inclus
Veuf,1063202,36-45,Non,Non,Oui,Proprio sans titre,2,45,Partiellement inclus
Veuf,75072,18-25,Oui,Oui,Oui,Locataire,2,80,Très inclus
Veuf,46879,56+,Non,Oui,Non,Proprio sans titre,1,60,Inclus
Célibataire,27481,18-25,Non,Oui,Non,Locataire,3,40,Partiellement inclus
Union libre,726536,36-45,Oui,Oui,Oui,Proprio avec titre,2,100,Très inclus
Célibataire,313127,56+,Oui,Non,Non,Proprio sans titre,0,55,Inclus
Célibataire,153954,36-45,Non,Oui,Non,Proprio avec titre,1,60,Inclus
Marié,215338,56+,Non,Non,Oui,Proprio avec titre,2,45,Partiellement inclus
Célibataire,52812,36-45,Non,Non,Oui,Proprio sans titre,2,45,Partiellement inclus
Marié,1878063,26-35,Non,Oui,Non,Locataire,3,40,Partiellement inclus
Marié,185205,36-45,Non,Non,Non,Proprio avec titre,1,30,Partiellement inclus
Célibataire,181569,26-35,Non,Non,Oui,Proprio avec titre,2,45,Partiellement inclus
Union libre,336302,36-45,Non,Non,Non,Proprio sans titre,1,30,Partiellement inclus
Union libre,263289,56+,Non,Oui,Non,Proprio sans titre,1,60,Inclus
Union libre,203594,56+,Oui,Non,Non,Proprio sans titre,0,55,Inclus
Union libre,73830,56+,Non,Non,Non,Proprio sans titre,1,30,Partiellement inclus
Union libre,260789,46-55,Non,Oui,Non,Proprio sans titre,1,60,Inclus
Célibataire,1068775,18-25,Oui,Oui,Non,Hébergé,0,55,Inclus
Célibataire,624945,56+,Non,Non,Non,Proprio sans titre,1,30,Partiellement inclus
Veuf,800655,26-35,Oui,Oui,Non,Locataire,0,65,Inclus
Union libre,97614,56+,Non,Non,Non,Proprio avec titre,1,30,Partiellement inclus
Célibataire,60499,46-55,Non,Oui,Non,Locataire,3,40,Partiellement inclus
Veuf,143517,26-35,Oui,Non,Oui,Locataire,2,50,Inclus
Union libre,172081,46-55,Oui,Non,Non,Hébergé,0,25,Partiellement inclus
Marié,486110,26-35,Non,Oui,Non,Proprio sans titre,1,60,Inclus
Veuf,29957,36-45,Non,Oui,Non,Proprio avec titre,1,60,Inclus
Célibataire,751292,18-25,Oui,Non,Non,Locataire,0,35,Partiellement inclus
Marié,138967,18-25,Non,Non,Non,Proprio sans titre,1,30,Partiellement inclus
Marié,106204,46-55,Oui,Non,Oui,Proprio sans titre,2,70,Inclus
Marié,59153,18-25,Non,Oui,Non,Hébergé,3,30,Partiellement inclus
Veuf,31105,46-55,Non,Oui,Non,Hébergé,3,30,Partiellement inclus
Célibataire,370708,46-55,Non,Oui,Oui,Hébergé,2,45,Partiellement inclus
Marié,175135,46-55,Non,Non,Oui,Proprio avec titre,2,45,Partiellement inclus
Union libre,44803,18-25,Non,Oui,Non,Locataire,3,40,Partiellement inclus
Marié,44574,46-55,Non,Oui,Oui,Hébergé,2,45,Partiellement inclus
Marié,116333,18-25,Oui,Non,Oui,Hébergé,2,40,Partiellement inclus
Veuf,863735,46-55,Oui,Non,Non,Hébergé,0,25,Partiellement inclus
Veuf,125543,56+,Oui,Oui,Non,Locataire,0,65,Inclus
Célibataire,36201,46-55,Non,Oui,Non,Locataire,3,40,Partiellement inclus
Union libre,127294,26-35,Oui,Non,Non,Hébergé,0,25,Partiellement inclus
Veuf,123905,46-55,Non,Non,Oui,Hébergé,2,15,Exclu
Marié,10972,36-45,Non,Oui,Non,Proprio sans titre,1,60,Inclus
Célibataire,154153,46-55,Oui,Non,Non,Hébergé,0,25,Partiellement inclus
Marié,129193,26-35,Non,Non,Non,Proprio avec titre,1,30,Partiellement inclus
Marié,326506,26-35,Non,Oui,Non,Proprio avec titre,1,60,Inclus
Veuf,1034011,18-25,Non,Oui,Non,Hébergé,3,30,Partiellement inclus
Célibataire,502105,56+,Non,Non,Non,Locataire,3,10,Exclu
Union libre,124381,46-55,Non,Non,Non,Proprio sans titre,1,30,Partiellement inclus
Union libre,53823,18-25,Non,Oui,Non,Locataire,3,40,Partiellement inclus
Veuf,2133682,56+,Oui,Non,Non,Hébergé,0,25,Partiellement inclus
Veuf,172683,46-55,Non,Non,Non,Proprio avec titre,1,30,Partiellement inclus
Célibataire,165037,36-45,Non,Oui,Non,Proprio sans titre,1,60,Inclus
Union libre,158875,46-55,Oui,Non,Non,Locataire,0,35,Partiellement inclus
Union libre,198408,26-35,Non,Non,Non,Locataire,3,10,Exclu
Union libre,140876,26-35,Oui,Oui,Non,Hébergé,0,55,Inclus
Marié,91705,36-45,Non,Oui,Non,Proprio sans titre,1,60,Inclus
Union libre,94196,18-25,Oui,Oui,Non,Proprio avec titre,0,85,Très inclus
Marié,157510,56+,Non,Non,Non,Hébergé,3,0,Exclu
Célibataire,94520,46-55,Non,Non,Non,Proprio sans titre,1,30,Partiellement inclus
Marié,79790,26-35,Non,Oui,Non,Locataire,3,40,Partiellement inclus
Célibataire,181032,18-25,Non,Non,Non,Hébergé,3,0,Exclu
Union libre,126124,36-45,Oui,Non,Non,Locataire,0,35,Partiellement inclus
Union libre,732334,26-35,Non,Non,Non,Locataire,3,10,Exclu
Célibataire,11487,36-45,Oui,Oui,Non,Hébergé,0,55,Inclus
Veuf,484807,46-55,Non,Oui,Non,Hébergé,3,30,Partiellement inclus
Célibataire,565850,56+,Non,Oui,Oui,Hébergé,2,45,Partiellement inclus
Veuf,20467,26-35,Non,Non,Non,Hébergé,3,0,Exclu
Marié,115533,26-35,Non,Oui,Non,Hébergé,3,30,Partiellement inclus
Marié,112258,46-55,Non,Non,Non,Locataire,3,10,Exclu
Marié,39834,18-25,Non,Oui,Non,Proprio avec titre,1,60,Inclus
Union libre,74770,56+,Non,Oui,Non,Proprio avec titre,1,60,Inclus
Marié,53606,26-35,Non,Non,Non,Hébergé,3,0,Exclu
Veuf,938718,56+,Oui,Non,Non,Locataire,0,35,Partiellement inclus
Marié,414852,26-35,Oui,Oui,Non,Proprio avec titre,0,85,Très inclus
Célibataire,580447,56+,Oui,Oui,Non,Proprio avec titre,0,85,Très inclus
Célibataire,334928,36-45,Non,Non,Oui,Proprio avec titre,2,45,Partiellement inclus
Union libre,52625,26-35,Oui,Oui,Non,Locataire,0,65,Inclus
Célibataire,96324,56+,Non,Oui,Non,Hébergé,3,30,Partiellement inclus
Veuf,265501,18-25,Oui,Non,Non,Hébergé,0,25,Partiellement inclus
Marié,47947,36-45,Oui,Oui,Non,Hébergé,0,55,Inclus
Union libre,332035,36-45,Non,Oui,Non,Proprio sans titre,1,60,Inclus
Marié,127985,18-25,Non,Oui,Oui,Proprio sans titre,2,75,Très inclus
Marié,111879,56+,Oui,Oui,Non,Proprio sans titre,0,85,Très inclus
Veuf,331359,46-55,Non,Oui,Oui,Locataire,2,55,Inclus
Célibataire,253790,18-25,Oui,Oui,Non,Proprio avec titre,0,85,Très inclus
Célibataire,113440,56+,Non,Oui,Non,Proprio avec titre,1,60,Inclus
Marié,518829,18-25,Non,Oui,Non,Locataire,3,40,Partiellement inclus
Union libre,55212,18-25,Oui,Non,Non,Locataire,0,35,Partiellement inclus
Célibataire,301322,26-35,Non,Oui,Oui,Hébergé,2,45,Partiellement inclus
Union libre,294519,56+,Non,Oui,Oui,Hébergé,2,45,Partiellement inclus
Célibataire,119426,46-55,Non,Non,Non,Proprio sans titre,1,30,Partiellement inclus
Union libre,225512,26-35,Oui,Non,Oui,Proprio sans titre,2,70,Inclus
Veuf,46578,18-25,Oui,Oui,Non,Locataire,0,65,Inclus
Union libre,410046,18-25,Non,Non,Oui,Proprio sans titre,2,45,Partiellement inclus
Veuf,135279,18-25,Oui,Oui,Non,Proprio avec titre,0,85,Très inclus
Veuf,96497,56+,Non,Oui,Non,Locataire,3,40,Partiellement inclus
Union libre,464635,56+,Non,Non,Oui,Locataire,2,25,Partiellement inclus
Veuf,80471,26-35,Non,Non,Non,Proprio avec titre,1,30,Partiellement inclus
Marié,39796,46-55,Oui,Oui,Non,Hébergé,0,55,Inclus
Veuf,34316,26-35,Oui,Oui,Oui,Hébergé,2,70,Inclus
Célibataire,298346,36-45,Non,Non,Non,Proprio avec titre,1,30,Partiellement inclus
Union libre,45232,18-25,Oui,Oui,Non,Proprio avec titre,0,85,Très inclus
Marié,941090,18-25,Oui,Non,Non,Proprio sans titre,0,55,Inclus
Union libre,20293,18-25,Oui,Oui,Oui,Locataire,2,80,Très inclus
Célibataire,887759,26-35,Non,Non,Non,Proprio sans titre,1,30,Partiellement inclus
Célibataire,200991,26-35,Non,Non,Oui,Proprio avec titre,2,45,Partiellement inclus
Célibataire,147751,18-25,Oui,Non,Oui,Proprio sans titre,2,70,Inclus
Veuf,94379,26-35,Oui,Non,Non,Proprio avec titre,0,55,Inclus
Veuf,242591,56+,Oui,Non,Non,Proprio sans titre,0,55,Inclus
Union libre,156743,56+,Non,Oui,Non,Proprio sans titre,1,60,Inclus
Union libre,490559,26-35,Non,Oui,Non,Hébergé,3,30,Partiellement inclus
Marié,182449,18-25,Non,Oui,Oui,Proprio avec titre,2,75,Très inclus
Marié,189151,26-35,Non,Non,Non,Proprio sans titre,1,30,Partiellement inclus
Union libre,113140,26-35,Non,Non,Oui,Locataire,2,25,Partiellement inclus
Veuf,153745,26-35,Non,Oui,Oui,Proprio sans titre,2,75,Très inclus
Célibataire,221416,36-45,Non,Oui,Non,Proprio sans titre,1,60,Inclus
Union libre,29431,56+,Oui,Oui,Non,Locataire,0,65,Inclus
Marié,42269,46-55,Oui,Non,Non,Proprio avec titre,0,55,Inclus
Veuf,342238,46-55,Oui,Oui,Oui,Hébergé,2,70,Inclus
Union libre,193081,36-45,Oui,Non,Non,Hébergé,0,25,Partiellement inclus
Union libre,135403,26-35,Non,Non,Non,Hébergé,3,0,Exclu
Veuf,165782,36-45,Non,Oui,Oui,Locataire,2,55,Inclus
Union libre,230402,36-45,Oui,Oui,Non,Proprio sans titre,0,85,Très inclus
Veuf,94867,18-25,Non,Oui,Oui,Proprio avec titre,2,75,Très inclus
Célibataire,74734,56+,Non,Oui,Non,Proprio sans titre,1,60,Inclus
Veuf,197964,46-55,Oui,Oui,Non,Hébergé,0,55,Inclus
Veuf,61183,26-35,Oui,Oui,Oui,Proprio sans titre,2,100,Très inclus
Veuf,244813,46-55,Non,Non,Non,Locataire,3,10,Exclu
Union libre,29655,46-55,Non,Oui,Non,Locataire,3,40,Partiellement inclus
Union libre,455502,56+,Oui,Oui,Oui,Proprio avec titre,2,100,Très inclus
Veuf,261084,46-55,Oui,Non,Non,Proprio avec titre,0,55,Inclus
Union libre,210245,46-55,Non,Non,Non,Hébergé,3,0,Exclu
Marié,434821,36-45,Oui,Oui,Oui,Proprio avec titre,2,100,Très inclus
Marié,860676,56+,Non,Non,Non,Proprio sans titre,1,30,Partiellement inclus
Union libre,448816,18-25,Non,Oui,Non,Locataire,3,40,Partiellement inclus
Union libre,25825,26-35,Oui,Non,Non,Locataire,0,35,Partiellement inclus
Veuf,45271,46-55,Non,Non,Non,Locataire,3,10,Exclu
Célibataire,87132,26-35,Non,Non,Non,Proprio avec titre,1,30,Partiellement inclus
Union libre,167057,18-25,Oui,Oui,Non,Locataire,0,65,Inclus
Marié,273117,26-35,Non,Non,Non,Locataire,3,10,Exclu
Veuf,78767,18-25,Non,Oui,Non,Locataire,3,40,Partiellement inclus
Union libre,196175,36-45,Non,Oui,Non,Hébergé,3,30,Partiellement inclus
Marié,76467,46-55,Oui,Oui,Non,Hébergé,0,55,Inclus
Marié,88298,18-25,Non,Oui,Oui,Proprio avec titre,2,75,Très inclus
Célibataire,39868,26-35,Non,Oui,Non,Locataire,3,40,Partiellement inclus
Veuf,64651,46-55,Oui,Non,Non,Proprio avec titre,0,55,Inclus
Veuf,42121,36-45,Oui,Non,Oui,Locataire,2,50,Inclus
Célibataire,61336,46-55,Oui,Oui,Oui,Locataire,2,80,Très inclus
Célibataire,466793,18-25,Non,Oui,Non,Locataire,3,40,Partiellement inclus
Veuf,62981,36-45,Oui,Oui,Non,Proprio avec titre,0,85,Très inclus
Veuf,2263407,26-35,Oui,Oui,Non,Proprio avec titre,0,85,Très inclus
Union libre,266550,36-45,Non,Oui,Non,Locataire,3,40,Partiellement inclus
Union libre,195797,36-45,Oui,Non,Non,Proprio sans titre,0,55,Inclus
Célibataire,68984,56+,Oui,Oui,Non,Proprio avec titre,0,85,Très inclus
Union libre,327849,36-45,Oui,Oui,Oui,Hébergé,2,70,Inclus
Marié,91524,36-45,Oui,Oui,Oui,Proprio avec titre,2,100,Très inclus
Union libre,183874,46-55,Oui,Non,Non,Locataire,0,35,Partiellement inclus
Union libre,2105544,26-35,Non,Non,Non,Proprio sans titre,1,30,Partiellement inclus
Marié,147848,46-55,Oui,Non,Oui,Locataire,2,50,Inclus
Célibataire,513637,46-55,Oui,Non,Non,Hébergé,0,25,Partiellement inclus
Marié,80565,18-25,Non,Oui,Oui,Proprio avec titre,2,75,Très inclus
Union libre,157158,46-55,Non,Oui,Non,Proprio avec titre,1,60,Inclus
Célibataire,956274,56+,Non,Non,Non,Locataire,3,10,Exclu
Union libre,86945,56+,Non,Oui,Non,Locataire,3,40,Partiellement inclus
Marié,996942,18-25,Oui,Non,Non,Hébergé,0,25,Partiellement inclus
Marié,330298,26-35,Non,Oui,Oui,Proprio sans titre,2,75,Très inclus
Union libre,92737,26-35,Non,Oui,Non,Hébergé,3,30,Partiellement inclus
Veuf,306326,46-55,Oui,Non,Non,Proprio sans titre,0,55,Inclus
Veuf,430436,46-55,Non,Non,Non,Proprio avec titre,1,30,Partiellement inclus
Marié,303097,46-55,Oui,Non,Non,Proprio sans titre,0,55,Inclus
Marié,33852,26-35,Non,Oui,Non,Proprio sans titre,1,60,Inclus
Veuf,78657,36-45,Oui,Non,Non,Proprio avec titre,0,55,Inclus
Veuf,127068,56+,Non,Oui,Non,Proprio avec titre,1,60,Inclus
Union libre,151080,36-45,Non,Oui,Oui,Proprio avec titre,2,75,Très inclus
Union libre,302752,36-45,Non,Oui,Oui,Hébergé,2,45,Partiellement inclus
Veuf,194405,26-35,Oui,Oui,Non,Proprio avec titre,0,85,Très inclus
Union libre,42815,36-45,Non,Oui,Non,Locataire,3,40,Partiellement inclus
Union libre,238040,18-25,Non,Oui,Non,Proprio avec titre,1,60,Inclus
Célibataire,299714,46-55,Non,Oui,Oui,Proprio avec titre,2,75,Très inclus
Union libre,284870,18-25,Non,Oui,Non,Proprio avec titre,1,60,Inclus
Marié,479635,56+,Non,Oui,Non,Proprio sans titre,1,60,Inclus
Union libre,374715,46-55,Non,Oui,Non,Hébergé,3,30,Partiellement inclus
Union libre,257604,36-45,Oui,Oui,Non,Proprio avec titre,0,85,Très inclus
Veuf,151726,56+,Non,Non,Non,Hébergé,3,0,Exclu
Marié,30916,46-55,Oui,Oui,Non,Locataire,0,65,Inclus
Union libre,250100,36-45,Non,Oui,Non,Locataire,3,40,Partiellement inclus
Union libre,200323,18-25,Non,Oui,Non,Proprio avec titre,1,60,Inclus
Célibataire,213539,46-55,Non,Non,Non,Locataire,3,10,Exclu
Union libre,45399,36-45,Oui,Non,Non,Hébergé,0,25,Partiellement inclus
Union libre,55212,18-25,Non,Non,Non,Proprio sans titre,1,30,Partiellement inclus
Célibataire,466565,56+,Non,Non,Oui,Proprio avec titre,2,45,Partiellement inclus
Veuf,156442,56+,Non,Oui,Oui,Locataire,2,55,Inclus
Union libre,321740,56+,Non,Non,Non,Hébergé,3,0,Exclu
Célibataire,167429,56+,Oui,Non,Non,Hébergé,0,25,Partiellement inclus
Marié,167670,26-35,Non,Oui,Non,Locataire,3,40,Partiellement inclus
Veuf,415934,46-55,Non,Oui,Oui,Hébergé,2,45,Partiellement inclus
Marié,97144,46-55,Oui,Oui,Non,Hébergé,0,55,Inclus
Marié,179175,26-35,Oui,Non,Non,Proprio avec titre,0,55,Inclus
Célibataire,102510,36-45,Non,Non,Oui,Hébergé,2,15,Exclu
Union libre,105398,36-45,Non,Non,Non,Locataire,3,10,Exclu
Célibataire,119470,56+,Non,Oui,Oui,Proprio avec titre,2,75,Très inclus
Célibataire,203238,18-25,Non,Oui,Non,Locataire,3,40,Partiellement inclus
Célibataire,100836,36-45,Oui,Oui,Non,Proprio sans titre,0,85,Très inclus
Célibataire,571349,18-25,Oui,Oui,Oui,Locataire,2,80,Très inclus
Veuf,66528,46-55,Oui,Non,Non,Locataire,0,35,Partiellement inclus
Union libre,135013,18-25,Oui,Non,Non,Proprio avec titre,0,55,Inclus
Marié,104848,46-55,Oui,Oui,Non,Hébergé,0,55,Inclus
Marié,691748,26-35,Oui,Non,Oui,Locataire,2,50,Inclus
Union libre,198105,26-35,Non,Oui,Oui,Proprio avec titre,2,75,Très inclus
Marié,456728,56+,Non,Non,Oui,Proprio sans titre,2,45,Partiellement inclus
Union libre,36843,36-45,Non,Oui,Non,Proprio avec titre,1,60,Inclus
Marié,212575,56+,Non,Oui,Non,Proprio avec titre,1,60,Inclus
Célibataire,396182,46-55,Non,Oui,Non,Hébergé,3,30,Partiellement inclus
Marié,176713,56+,Oui,Oui,Non,Locataire,0,65,Inclus
Union libre,472352,18-25,Oui,Oui,Non,Proprio sans titre,0,85,Très inclus
Union libre,97023,46-55,Oui,Non,Non,Proprio avec titre,0,55,Inclus
Union libre,666201,26-35,Oui,Non,Non,Locataire,0,35,Partiellement inclus
Union libre,1621558,36-45,Non,Non,Oui,Locataire,2,25,Partiellement inclus
Union libre,113228,46-55,Oui,Oui,Non,Proprio avec titre,0,85,Très inclus
Veuf,104244,46-55,Oui,Non,Oui,Locataire,2,50,Inclus
Veuf,696194,18-25,Oui,Oui,Oui,Proprio avec titre,2,100,Très inclus
Marié,789829,36-45,Non,Oui,Non,Proprio avec titre,1,60,Inclus
Union libre,96484,26-35,Non,Non,Non,Proprio avec titre,1,30,Partiellement inclus
Marié,106917,46-55,Non,Non,Oui,Proprio sans titre,2,45,Partiellement inclus
Union libre,122788,46-55,Oui,Oui,Non,Proprio avec titre,0,85,Très inclus
Union libre,42427,18-25,Non,Oui,Non,Hébergé,3,30,Partiellement inclus
Veuf,64948,56+,Non,Non,Non,Locataire,3,10,Exclu
Veuf,59626,26-35,Non,Oui,Oui,Proprio sans titre,2,75,Très inclus
Célibataire,75523,36-45,Non,Oui,Oui,Locataire,2,55,Inclus
Veuf,157206,46-55,Oui,Non,Non,Proprio sans titre,0,55,Inclus
Célibataire,205708,46-55,Non,Oui,Non,Hébergé,3,30,Partiellement inclus
Célibataire,767198,26-35,Non,Oui,Non,Proprio sans titre,1,60,Inclus
Célibataire,59972,56+,Oui,Oui,Non,Proprio sans titre,0,85,Très inclus
Célibataire,435531,46-55,Non,Non,Oui,Proprio sans titre,2,45,Partiellement inclus
Célibataire,131401,26-35,Non,Non,Oui,Locataire,2,25,Partiellement inclus
Marié,154900,18-25,Oui,Non,Non,Proprio avec titre,0,55,Inclus
Veuf,319598,56+,Non,Non,Oui,Locataire,2,25,Partiellement inclus
Célibataire,52959,36-45,Non,Non,Non,Proprio avec titre,1,30,Partiellement inclus
Union libre,238568,46-55,Non,Oui,Non,Locataire,3,40,Partiellement inclus
Veuf,192230,26-35,Oui,Oui,Oui,Hébergé,2,70,Inclus
Veuf,266319,18-25,Non,Non,Oui,Hébergé,2,15,Exclu
Célibataire,217329,36-45,Oui,Non,Non,Proprio sans titre,0,55,Inclus
Marié,1896081,26-35,Non,Non,Oui,Hébergé,2,15,Exclu
Célibataire,86013,26-35,Oui,Non,Oui,Proprio sans titre,2,70,Inclus
Marié,95702,36-45,Non,Oui,Non,Proprio avec titre,1,60,Inclus
Union libre,87278,18-25,Non,Oui,Non,Hébergé,3,30,Partiellement inclus
Veuf,93388,18-25,Non,Oui,Oui,Proprio avec titre,2,75,Très inclus
Union libre,86043,56+,Non,Oui,Non,Locataire,3,40,Partiellement inclus
Marié,534462,46-55,Non,Oui,Non,Proprio avec titre,1,60,Inclus
Marié,673675,36-45,Non,Non,Non,Locataire,3,10,Exclu
Union libre,91973,36-45,Oui,Non,Non,Proprio avec titre,0,55,Inclus
Marié,70802,36-45,Non,Oui,Non,Proprio avec titre,1,60,Inclus
Union libre,260775,18-25,Oui,Oui,Non,Hébergé,0,55,Inclus
Veuf,93692,46-55,Non,Oui,Oui,Proprio avec titre,2,75,Très inclus
Union libre,306487,56+,Oui,Oui,Oui,Hébergé,2,70,Inclus
Veuf,199371,26-35,Non,Non,Non,Hébergé,3,0,Exclu
Union libre,35748,26-35,Non,Non,Non,Proprio sans titre,1,30,Partiellement inclus
Marié,764903,36-45,Non,Non,Oui,Proprio sans titre,2,45,Partiellement inclus
Union libre,980558,46-55,Oui,Non,Non,Locataire,0,35,Partiellement inclus
Marié,88186,18-25,Non,Non,Non,Proprio avec titre,1,30,Partiellement inclus
Union libre,110447,46-55,Non,Oui,Non,Locataire,3,40,Partiellement inclus
Union libre,216612,46-55,Non,Oui,Non,Proprio avec titre,1,60,Inclus
Célibataire,227397,18-25,Oui,Oui,Non,Proprio sans titre,0,85,Très inclus
Marié,314438,36-45,Non,Non,Oui,Proprio sans titre,2,45,Partiellement inclus
Célibataire,1214939,46-55,Non,Oui,Oui,Proprio avec titre,2,75,Très inclus
Marié,136359,26-35,Non,Oui,Non,Proprio avec titre,1,60,Inclus
Célibataire,73255,18-25,Non,Non,Oui,Proprio sans titre,2,45,Partiellement inclus
Veuf,40973,56+,Non,Non,Non,Proprio sans titre,1,30,Partiellement inclus
Union libre,78360,36-45,Oui,Non,Non,Locataire,0,35,Partiellement inclus
Marié,157451,18-25,Oui,Oui,Non,Proprio sans titre,0,85,Très inclus
Marié,979265,56+,Oui,Oui,Oui,Proprio avec titre,2,100,Très inclus
Union libre,96992,56+,Oui,Oui,Oui,Locataire,2,80,Très inclus
Marié,203574,46-55,Non,Oui,Non,Proprio avec titre,1,60,Inclus
Marié,160103,46-55,Non,Oui,Non,Hébergé,3,30,Partiellement inclus
Célibataire,534129,46-55,Oui,Oui,Non,Locataire,0,65,Inclus
Marié,2036885,18-25,Non,Non,Non,Proprio avec titre,1,30,Partiellement inclus
Veuf,95715,18-25,Oui,Oui,Non,Proprio sans titre,0,85,Très inclus
Veuf,99763,36-45,Non,Non,Non,Hébergé,3,0,Exclu
Union libre,462388,46-55,Non,Non,Oui,Proprio avec titre,2,45,Partiellement inclus
Marié,321866,56+,Oui,Oui,Oui,Locataire,2,80,Très inclus
Union libre,1031688,26-35,Oui,Non,Non,Proprio avec titre,0,55,Inclus
Veuf,291830,36-45,Non,Oui,Non,Hébergé,3,30,Partiellement inclus
Marié,113630,18-25,Oui,Oui,Non,Locataire,0,65,Inclus
Marié,293800,36-45,Non,Non,Non,Hébergé,3,0,Exclu
Union libre,493216,36-45,Non,Oui,Non,Proprio avec titre,1,60,Inclus
Veuf,369712,36-45,Non,Non,Non,Proprio sans titre,1,30,Partiellement inclus
Marié,270296,36-45,Oui,Oui,Non,Proprio sans titre,0,85,Très inclus
Union libre,472916,26-35,Non,Non,Non,Proprio avec titre,1,30,Partiellement inclus
Veuf,524025,46-55,Non,Oui,Non,Proprio avec titre,1,60,Inclus
Union libre,648332,56+,Non,Oui,Non,Proprio avec titre,1,60,Inclus
Célibataire,311361,36-45,Oui,Oui,Non,Locataire,0,65,Inclus
Marié,137706,36-45,Non,Non,Oui,Hébergé,2,15,Exclu
Célibataire,188473,36-45,Non,Non,Oui,Hébergé,2,15,Exclu
Veuf,543893,46-55,Non,Non,Non,Hébergé,3,0,Exclu
Célibataire,71902,18-25,Oui,Oui,Non,Proprio avec titre,0,85,Très inclus
Célibataire,235313,18-25,Non,Non,Non,Hébergé,3,0,Exclu
Veuf,109826,26-35,Oui,Non,Non,Proprio avec titre,0,55,Inclus
Union libre,167501,18-25,Non,Non,Non,Locataire,3,10,Exclu
Célibataire,584464,36-45,Non,Oui,Non,Proprio sans titre,1,60,Inclus
Union libre,197027,36-45,Non,Non,Non,Proprio avec titre,1,30,Partiellement inclus
Célibataire,170490,36-45,Non,Non,Non,Proprio avec titre,1,30,Partiellement inclus
Union libre,41778,26-35,Non,Oui,Oui,Proprio sans titre,2,75,Très inclus
Veuf,343263,36-45,Non,Non,Non,Proprio sans titre,1,30,Partiellement inclus
Célibataire,310358,18-25,Oui,Non,Non,Locataire,0,35,Partiellement inclus
Veuf,1415869,46-55,Non,Oui,Non,Hébergé,3,30,Partiellement inclus
Célibataire,119637,46-55,Non,Oui,Non,Proprio avec titre,1,60,Inclus
Veuf,202632,56+,Non,Oui,Non,Hébergé,3,30,Partiellement inclus
Veuf,208852,18-25,Oui,Non,Oui,Proprio avec titre,2,70,Inclus
Célibataire,788157,36-45,Non,Non,Non,Locataire,3,10,Exclu
Célibataire,147961,46-55,Non,Oui,Non,Proprio sans titre,1,60,Inclus
Célibataire,215135,18-25,Oui,Non,Non,Locataire,0,35,Partiellement inclus
Marié,298909,46-55,Non,Non,Oui,Proprio sans titre,2,45,Partiellement inclus
Union libre,196144,36-45,Oui,Oui,Oui,Hébergé,2,70,Inclus
Marié,104147,46-55,Oui,Non,Oui,Hébergé,2,40,Partiellement inclus
Marié,197617,56+,Oui,Non,Oui,Locataire,2,50,Inclus
Veuf,476218,56+,Oui,Non,Oui,Proprio sans titre,2,70,Inclus
Célibataire,58307,46-55,Non,Non,Non,Locataire,3,10,Exclu
Union libre,185901,18-25,Oui,Non,Oui,Proprio sans titre,2,70,Inclus
Veuf,80811,18-25,Non,Non,Oui,Proprio sans titre,2,45,Partiellement inclus
Marié,537694,18-25,Oui,Oui,Non,Hébergé,0,55,Inclus
Célibataire,35483,46-55,Non,Non,Oui,Hébergé,2,15,Exclu
Veuf,93067,18-25,Non,Non,Oui,Proprio sans titre,2,45,Partiellement inclus
Célibataire,237331,36-45,Oui,Non,Non,Proprio sans titre,0,55,Inclus
Veuf,778811,56+,Oui,Oui,Oui,Proprio sans titre,2,100,Très inclus
Célibataire,152397,36-45,Non,Non,Non,Hébergé,3,0,Exclu
Marié,93414,18-25,Oui,Oui,Oui,Hébergé,2,70,Inclus
Union libre,1067849,36-45,Non,Non,Non,Proprio avec titre,1,30,Partiellement inclus
Marié,38253,18-25,Oui,Oui,Non,Proprio sans titre,0,85,Très inclus
Union libre,18055,46-55,Non,Oui,Non,Proprio avec titre,1,60,Inclus
Célibataire,252714,36-45,Oui,Oui,Non,Proprio sans titre,0,85,Très inclus
Veuf,98513,46-55,Non,Oui,Non,Hébergé,3,30,Partiellement inclus
Marié,58616,46-55,Oui,Non,Non,Proprio avec titre,0,55,Inclus
Union libre,330498,26-35,Non,Non,Oui,Proprio avec titre,2,45,Partiellement inclus
Marié,207689,18-25,Oui,Non,Non,Locataire,0,35,Partiellement inclus
Union libre,92588,56+,Non,Oui,Non,Proprio sans titre,1,60,Inclus
Marié,45238,18-25,Non,Oui,Non,Hébergé,3,30,Partiellement inclus
Union libre,389436,56+,Oui,Non,Oui,Locataire,2,50,Inclus
Union libre,311826,18-25,Non,Non,Non,Locataire,3,10,Exclu
Célibataire,147388,46-55,Oui,Oui,Non,Proprio sans titre,0,85,Très inclus
Union libre,1031615,36-45,Non,Oui,Oui,Locataire,2,55,Inclus
Célibataire,55821,36-45,Non,Oui,Non,Proprio sans titre,1,60,Inclus
Union libre,35400,26-35,Non,Non,Oui,Locataire,2,25,Partiellement inclus
Veuf,81478,56+,Oui,Non,Non,Proprio sans titre,0,55,Inclus
Veuf,155502,56+,Non,Oui,Oui,Hébergé,2,45,Partiellement inclus
Veuf,207593,56+,Non,Oui,Non,Proprio sans titre,1,60,Inclus
Union libre,127869,46-55,Non,Non,Non,Proprio sans titre,1,30,Partiellement inclus
Célibataire,231435,56+,Non,Oui,Non,Proprio avec titre,1,60,Inclus
Célibataire,46558,36-45,Non,Oui,Non,Hébergé,3,30,Partiellement inclus
Union libre,689529,46-55,Non,Non,Non,Hébergé,3,0,Exclu
Veuf,149918,18-25,Non,Oui,Oui,Hébergé,2,45,Partiellement inclus
Veuf,497472,56+,Oui,Oui,Non,Locataire,0,65,Inclus
Célibataire,229285,56+,Non,Non,Oui,Proprio avec titre,2,45,Partiellement inclus
Veuf,256979,18-25,Non,Non,Non,Hébergé,3,0,Exclu
Marié,287726,56+,Non,Non,Oui,Locataire,2,25,Partiellement inclus
Célibataire,254666,18-25,Non,Non,Non,Locataire,3,10,Exclu
Veuf,309502,46-55,Non,Non,Non,Locataire,3,10,Exclu
Célibataire,614861,36-45,Oui,Non,Non,Proprio avec titre,0,55,Inclus
Marié,198098,18-25,Non,Oui,Non,Locataire,3,40,Partiellement inclus
Célibataire,330712,26-35,Non,Non,Oui,Proprio avec titre,2,45,Partiellement inclus
Célibataire,148785,18-25,Non,Non,Non,Proprio sans titre,1,30,Partiellement inclus
Célibataire,687018,56+,Oui,Oui,Non,Locataire,0,65,Inclus
Célibataire,82752,46-55,Oui,Oui,Oui,Hébergé,2,70,Inclus
Marié,985535,46-55,Oui,Oui,Non,Locataire,0,65,Inclus
Union libre,156348,18-25,Non,Oui,Non,Proprio sans titre,1,60,Inclus
Célibataire,38918,36-45,Oui,Oui,Non,Proprio sans titre,0,85,Très inclus
Célibataire,184998,26-35,Non,Non,Non,Locataire,3,10,Exclu
Veuf,82367,46-55,Non,Non,Non,Proprio sans titre,1,30,Partiellement inclus
Célibataire,377242,56+,Oui,Oui,Non,Proprio avec titre,0,85,Très inclus
Veuf,84742,56+,Non,Oui,Oui,Proprio avec titre,2,75,Très inclus
Union libre,104173,36-45,Non,Oui,Non,Locataire,3,40,Partiellement inclus
Marié,24598,46-55,Non,Non,Non,Proprio avec titre,1,30,Partiellement inclus
Marié,103537,18-25,Non,Oui,Oui,Proprio avec titre,2,75,Très inclus
Union libre,14416,56+,Non,Oui,Non,Hébergé,3,30,Partiellement inclus
Marié,33392,36-45,Non,Oui,Non,Locataire,3,40,Partiellement inclus
Union libre,348159,46-55,Non,Oui,Non,Proprio sans titre,1,60,Inclus
Union libre,357110,46-55,Non,Oui,Non,Locataire,3,40,Partiellement inclus
Union libre,249062,46-55,Oui,Non,Oui,Proprio avec titre,2,70,Inclus
Marié,61884,46-55,Non,Non,Non,Hébergé,3,0,Exclu
Veuf,155171,46-55,Non,Non,Oui,Locataire,2,25,Partiellement inclus
Union libre,162169,56+,Non,Oui,Non,Locataire,3,40,Partiellement inclus
Célibataire,51104,36-45,Oui,Non,Non,Proprio avec titre,0,55,Inclus
Marié,731899,46-55,Non,Non,Non,Proprio avec titre,1,30,Partiellement inclus
Union libre,391351,26-35,Oui,Oui,Oui,Locataire,2,80,Très inclus
Union libre,130487,26-35,Non,Non,Non,Proprio avec titre,1,30,Partiellement inclus
Célibataire,167189,36-45,Non,Oui,Non,Proprio avec titre,1,60,Inclus
Veuf,200462,18-25,Oui,Non,Oui,Proprio avec titre,2,70,Inclus
Veuf,21126,18-25,Non,Oui,Non,Proprio avec titre,1,60,Inclus
Veuf,127111,18-25,Non,Non,Non,Proprio avec titre,1,30,Partiellement inclus
Union libre,82290,26-35,Non,Oui,Non,Hébergé,3,30,Partiellement inclus
Union libre,59777,18-25,Oui,Non,Oui,Proprio avec titre,2,70,Inclus
Union libre,122872,56+,Oui,Non,Oui,Proprio sans titre,2,70,Inclus
Marié,982333,46-55,Oui,Non,Non,Locataire,0,35,Partiellement inclus
Célibataire,308921,26-35,Oui,Oui,Non,Hébergé,0,55,Inclus
Union libre,91933,36-45,Non,Oui,Oui,Hébergé,2,45,Partiellement inclus
Célibataire,288538,36-45,Oui,Non,Oui,Proprio avec titre,2,70,Inclus
Célibataire,659577,46-55,Non,Oui,Non,Locataire,3,40,Partiellement inclus
Veuf,410295,26-35,Oui,Oui,Non,Proprio sans titre,0,85,Très inclus
Marié,172755,18-25,Non,Non,Oui,Proprio avec titre,2,45,Partiellement inclus
Union libre,85226,18-25,Non,Non,Non,Locataire,3,10,Exclu
Veuf,327166,56+,Non,Oui,Non,Proprio avec titre,1,60,Inclus
Veuf,241224,56+,Oui,Oui,Oui,Proprio avec titre,2,100,Très inclus
Union libre,398392,18-25,Non,Oui,Non,Proprio avec titre,1,60,Inclus
Célibataire,307174,36-45,Non,Non,Non,Proprio avec titre,1,30,Partiellement inclus
Veuf,464888,36-45,Oui,Non,Non,Proprio avec titre,0,55,Inclus
Célibataire,95298,56+,Oui,Non,Non,Proprio avec titre,0,55,Inclus
Marié,607674,46-55,Non,Non,Non,Proprio avec titre,1,30,Partiellement inclus
Célibataire,198312,18-25,Non,Oui,Non,Proprio sans titre,1,60,Inclus
Marié,1296606,56+,Non,Oui,Oui,Hébergé,2,45,Partiellement inclus
Célibataire,81700,56+,Oui,Oui,Non,Proprio sans titre,0,85,Très inclus
Veuf,923534,18-25,Non,Oui,Non,Proprio avec titre,1,60,Inclus
Veuf,198374,18-25,Non,Non,Oui,Proprio avec titre,2,45,Partiellement inclus
Marié,84845,36-45,Non,Non,Oui,Proprio sans titre,2,45,Partiellement inclus
Union libre,100319,46-55,Non,Oui,Oui,Proprio sans titre,2,75,Très inclus
Marié,118143,46-55,Non,Oui,Non,Hébergé,3,30,Partiellement inclus
Marié,248740,18-25,Non,Non,Oui,Proprio sans titre,2,45,Partiellement inclus
Célibataire,274535,26-35,Oui,Non,Oui,Hébergé,2,40,Partiellement inclus
Célibataire,91702,56+,Non,Oui,Non,Proprio avec titre,1,60,Inclus
Marié,158838,56+,Oui,Non,Non,Locataire,0,35,Partiellement inclus
Veuf,1386468,18-25,Non,Non,Oui,Locataire,2,25,Partiellement inclus
Célibataire,915790,26-35,Non,Oui,Non,Locataire,3,40,Partiellement inclus
Union libre,251783,36-45,Non,Non,Non,Locataire,3,10,Exclu
Célibataire,169059,18-25,Oui,Oui,Non,Proprio avec titre,0,85,Très inclus
Célibataire,183511,18-25,Non,Non,Non,Locataire,3,10,Exclu
Union libre,300594,56+,Non,Non,Oui,Proprio sans titre,2,45,Partiellement inclus
Marié,58524,18-25,Oui,Non,Non,Proprio sans titre,0,55,Inclus
Union libre,125821,18-25,Oui,Non,Non,Locataire,0,35,Partiellement inclus
Marié,30681,18-25,Oui,Oui,Oui,Proprio sans titre,2,100,Très inclus
Marié,242613,56+,Oui,Non,Oui,Hébergé,2,40,Partiellement inclus
Marié,310890,36-45,Oui,Non,Non,Proprio avec titre,0,55,Inclus
Union libre,100389,36-45,Oui,Non,Oui,Locataire,2,50,Inclus
Marié,785430,18-25,Oui,Non,Non,Locataire,0,35,Partiellement inclus
Veuf,47773,56+,Non,Non,Oui,Proprio avec titre,2,45,Partiellement inclus
Union libre,37632,36-45,Non,Non,Non,Proprio sans titre,1,30,Partiellement inclus
Veuf,203709,36-45,Non,Oui,Non,Proprio avec titre,1,60,Inclus
Marié,463748,36-45,Non,Non,Non,Proprio avec titre,1,30,Partiellement inclus
Célibataire,876706,56+,Non,Non,Non,Proprio sans titre,1,30,Partiellement inclus
Marié,102859,56+,Non,Non,Non,Proprio avec titre,1,30,Partiellement inclus
Veuf,478628,18-25,Non,Non,Non,Proprio sans titre,1,30,Partiellement inclus
Veuf,156606,46-55,Non,Oui,Non,Proprio sans titre,1,60,Inclus
Union libre,136950,36-45,Non,Oui,Non,Proprio avec titre,1,60,Inclus
Célibataire,393824,46-55,Oui,Non,Non,Hébergé,0,25,Partiellement inclus
Union libre,312488,56+,Oui,Non,Non,Proprio sans titre,0,55,Inclus
Veuf,33644,56+,Non,Oui,Non,Proprio avec titre,1,60,Inclus
Marié,712503,56+,Non,Non,Non,Proprio sans titre,1,30,Partiellement inclus
Célibataire,646993,46-55,Oui,Oui,Oui,Hébergé,2,70,Inclus
Marié,87067,56+,Non,Non,Non,Hébergé,3,0,Exclu
Marié,241784,18-25,Non,Oui,Non,Locataire,3,40,Partiellement inclus
Célibataire,266740,56+,Non,Oui,Non,Proprio sans titre,1,60,Inclus
Union libre,211223,26-35,Non,Oui,Non,Proprio sans titre,1,60,Inclus
Marié,93872,46-55,Non,Oui,Non,Proprio avec titre,1,60,Inclus
Veuf,83147,26-35,Non,Oui,Non,Proprio sans titre,1,60,Inclus
Marié,158648,56+,Non,Oui,Oui,Locataire,2,55,Inclus
Célibataire,525827,18-25,Oui,Oui,Oui,Hébergé,2,70,Inclus
Célibataire,280295,36-45,Non,Non,Non,Hébergé,3,0,Exclu
Célibataire,112351,56+,Non,Non,Non,Locataire,3,10,Exclu
Union libre,352109,18-25,Non,Oui,Oui,Proprio sans titre,2,75,Très inclus
Marié,9428,46-55,Non,Non,Oui,Proprio sans titre,2,45,Partiellement inclus
Union libre,513376,26-35,Non,Oui,Oui,Locataire,2,55,Inclus
Union libre,28574,26-35,Non,Non,Non,Proprio avec titre,1,30,Partiellement inclus
Célibataire,113273,26-35,Non,Non,Non,Hébergé,3,0,Exclu
Célibataire,53121,46-55,Non,Oui,Non,Locataire,3,40,Partiellement inclus
Union libre,44592,18-25,Non,Oui,Non,Locataire,3,40,Partiellement inclus
Marié,519606,46-55,Non,Oui,Non,Proprio sans titre,1,60,Inclus
Veuf,101956,26-35,Oui,Oui,Non,Hébergé,0,55,Inclus
Union libre,230153,56+,Non,Non,Non,Proprio sans titre,1,30,Partiellement inclus
Marié,155294,36-45,Non,Oui,Oui,Locataire,2,55,Inclus
Célibataire,262246,46-55,Non,Oui,Non,Proprio avec titre,1,60,Inclus
Célibataire,175750,46-55,Non,Oui,Non,Hébergé,3,30,Partiellement inclus
Marié,45116,18-25,Non,Oui,Non,Locataire,3,40,Partiellement inclus
Veuf,440764,18-25,Non,Non,Oui,Locataire,2,25,Partiellement inclus
Célibataire,99334,46-55,Non,Oui,Oui,Proprio avec titre,2,75,Très inclus
Célibataire,34317,26-35,Oui,Non,Oui,Locataire,2,50,Inclus
Célibataire,106073,36-45,Oui,Oui,Non,Locataire,0,65,Inclus
Marié,729970,18-25,Oui,Oui,Non,Hébergé,0,55,Inclus
Union libre,380873,26-35,Non,Non,Oui,Hébergé,2,15,Exclu
Célibataire,114846,56+,Non,Oui,Non,Hébergé,3,30,Partiellement inclus
Union libre,114776,18-25,Non,Non,Non,Proprio sans titre,1,30,Partiellement inclus
Veuf,117991,26-35,Non,Non,Oui,Proprio avec titre,2,45,Partiellement inclus
Célibataire,1298535,26-35,Non,Oui,Non,Hébergé,3,30,Partiellement inclus
Célibataire,238454,36-45,Oui,Oui,Oui,Proprio sans titre,2,100,Très inclus
Veuf,250206,36-45,Non,Oui,Non,Proprio sans titre,1,60,Inclus
Célibataire,456016,56+,Non,Oui,Non,Proprio avec titre,1,60,Inclus
Union libre,206651,26-35,Oui,Oui,Non,Proprio avec titre,0,85,Très inclus
Marié,125612,26-35,Oui,Oui,Oui,Locataire,2,80,Très inclus
Union libre,133739,36-45,Oui,Oui,Non,Proprio sans titre,0,85,Très inclus
Marié,151508,18-25,Oui,Non,Non,Hébergé,0,25,Partiellement inclus
Marié,156808,18-25,Non,Non,Non,Proprio avec titre,1,30,Partiellement inclus
Union libre,336929,46-55,Oui,Non,Oui,Proprio sans titre,2,70,Inclus
Union libre,171432,36-45,Non,Oui,Oui,Hébergé,2,45,Partiellement inclus
Union libre,338622,46-55,Non,Oui,Oui,Proprio sans titre,2,75,Très inclus
Union libre,150133,36-45,Non,Non,Oui,Proprio avec titre,2,45,Partiellement inclus
Veuf,176069,56+,Non,Non,Non,Locataire,3,10,Exclu
Célibataire,22066,26-35,Non,Non,Non,Proprio sans titre,1,30,Partiellement inclus
Marié,406902,56+,Non,Oui,Non,Hébergé,3,30,Partiellement inclus
Union libre,230150,36-45,Non,Non,Oui,Proprio avec titre,2,45,Partiellement inclus
Union libre,441533,26-35,Oui,Non,Non,Locataire,0,35,Partiellement inclus
Union libre,8988,18-25,Non,Oui,Oui,Hébergé,2,45,Partiellement inclus
Veuf,1313721,18-25,Oui,Oui,Non,Hébergé,0,55,Inclus
Union libre,141550,46-55,Non,Non,Non,Hébergé,3,0,Exclu
Union libre,492959,36-45,Oui,Oui,Non,Proprio sans titre,0,85,Très inclus
Union libre,57531,36-45,Non,Oui,Non,Proprio avec titre,1,60,Inclus
Célibataire,300371,18-25,Non,Non,Oui,Hébergé,2,15,Exclu
Veuf,56759,56+,Non,Non,Non,Proprio sans titre,1,30,Partiellement inclus
Union libre,87223,26-35,Oui,Oui,Non,Proprio avec titre,0,85,Très inclus
Marié,1103537,56+,Oui,Oui,Non,Proprio avec titre,0,85,Très inclus
Marié,134499,56+,Oui,Oui,Non,Proprio sans titre,0,85,Très inclus
Marié,202285,18-25,Oui,Non,Non,Proprio sans titre,0,55,Inclus
Veuf,388507,18-25,Non,Oui,Oui,Hébergé,2,45,Partiellement inclus
Veuf,267181,18-25,Oui,Non,Non,Proprio avec titre,0,55,Inclus
Marié,189173,46-55,Non,Oui,Oui,Locataire,2,55,Inclus
Union libre,234441,56+,Non,Oui,Non,Proprio sans titre,1,60,Inclus
Veuf,1800213,36-45,Oui,Non,Non,Proprio avec titre,0,55,Inclus
Marié,153642,26-35,Non,Non,Oui,Proprio avec titre,2,45,Partiellement inclus
Marié,199007,46-55,Oui,Oui,Non,Hébergé,0,55,Inclus
Union libre,465400,36-45,Oui,Oui,Non,Locataire,0,65,Inclus
Célibataire,491651,56+,Oui,Non,Non,Hébergé,0,25,Partiellement inclus
Veuf,533401,18-25,Non,Oui,Non,Locataire,3,40,Partiellement inclus
Union libre,308269,56+,Non,Non,Non,Locataire,3,10,Exclu
Marié,51895,26-35,Non,Oui,Non,Proprio sans titre,1,60,Inclus
Marié,833535,46-55,Non,Non,Non,Proprio avec titre,1,30,Partiellement inclus
Union libre,51722,46-55,Oui,Non,Non,Proprio avec titre,0,55,Inclus
Veuf,220275,26-35,Non,Oui,Non,Proprio avec titre,1,60,Inclus
Célibataire,76551,36-45,Non,Non,Non,Locataire,3,10,Exclu
Célibataire,152643,36-45,Oui,Oui,Non,Proprio avec titre,0,85,Très inclus
Marié,226106,46-55,Oui,Oui,Oui,Proprio sans titre,2,100,Très inclus
Veuf,224438,46-55,Non,Non,Oui,Locataire,2,25,Partiellement inclus
Célibataire,248182,18-25,Oui,Oui,Oui,Locataire,2,80,Très inclus
Veuf,817258,36-45,Non,Non,Non,Locataire,3,10,Exclu
Veuf,256154,26-35,Oui,Oui,Non,Locataire,0,65,Inclus
Marié,127496,36-45,Oui,Oui,Non,Proprio sans titre,0,85,Très inclus
Célibataire,426806,18-25,Oui,Oui,Non,Proprio avec titre,0,85,Très inclus
Union libre,534705,46-55,Oui,Oui,Oui,Proprio sans titre,2,100,Très inclus
Marié,47685,46-55,Non,Oui,Non,Proprio avec titre,1,60,Inclus
Célibataire,295788,18-25,Non,Non,Non,Proprio sans titre,1,30,Partiellement inclus
Célibataire,328132,26-35,Non,Non,Non,Hébergé,3,0,Exclu
Célibataire,120865,46-55,Non,Non,Non,Hébergé,3,0,Exclu
Célibataire,644162,56+,Non,Oui,Non,Hébergé,3,30,Partiellement inclus
Célibataire,140076,46-55,Non,Oui,Non,Hébergé,3,30,Partiellement inclus
Veuf,184531,56+,Oui,Oui,Non,Locataire,0,65,Inclus
Marié,136889,18-25,Non,Oui,Non,Locataire,3,40,Partiellement inclus
Veuf,165310,18-25,Non,Non,Non,Proprio sans titre,1,30,Partiellement inclus
Union libre,54378,46-55,Oui,Oui,Oui,Proprio sans titre,2,100,Très inclus
Célibataire,38559,36-45,Non,Oui,Non,Hébergé,3,30,Partiellement inclus
Marié,801712,56+,Oui,Non,Non,Proprio avec titre,0,55,Inclus
Célibataire,69775,26-35,Non,Oui,Non,Hébergé,3,30,Partiellement inclus
Marié,60391,46-55,Non,Oui,Oui,Proprio sans titre,2,75,Très inclus
Veuf,18894,26-35,Non,Oui,Non,Hébergé,3,30,Partiellement inclus
Marié,85908,46-55,Non,Oui,Non,Proprio sans titre,1,60,Inclus
Union libre,43343,36-45,Non,Non,Oui,Hébergé,2,15,Exclu
Union libre,840721,36-45,Non,Oui,Non,Proprio avec titre,1,60,Inclus
Marié,446777,36-45,Non,Oui,Oui,Hébergé,2,45,Partiellement inclus
Marié,81785,36-45,Oui,Oui,Oui,Proprio avec titre,2,100,Très inclus
Marié,1547940,18-25,Non,Oui,Oui,Proprio avec titre,2,75,Très inclus
Marié,434419,18-25,Non,Oui,Oui,Proprio sans titre,2,75,Très inclus
Union libre,117614,56+,Non,Non,Non,Proprio avec titre,1,30,Partiellement inclus
Célibataire,13367,26-35,Non,Non,Oui,Locataire,2,25,Partiellement inclus
Marié,1608709,46-55,Non,Non,Oui,Locataire,2,25,Partiellement inclus
Marié,40555,46-55,Non,Oui,Oui,Locataire,2,55,Inclus
Union libre,31401,18-25,Non,Non,Oui,Proprio sans titre,2,45,Partiellement inclus
Union libre,452512,46-55,Non,Non,Oui,Locataire,2,25,Partiellement inclus
Veuf,1866830,18-25,Oui,Oui,Non,Proprio sans titre,0,85,Très inclus
Marié,649704,56+,Non,Non,Oui,Proprio sans titre,2,45,Partiellement inclus
Veuf,286046,26-35,Non,Oui,Non,Locataire,3,40,Partiellement inclus
Union libre,295006,56+,Non,Oui,Non,Proprio avec titre,1,60,Inclus
Union libre,382091,36-45,Oui,Non,Oui,Hébergé,2,40,Partiellement inclus
Célibataire,347642,36-45,Non,Oui,Non,Proprio sans titre,1,60,Inclus
Marié,215602,36-45,Non,Non,Oui,Locataire,2,25,Partiellement inclus
Veuf,180629,56+,Oui,Oui,Oui,Proprio sans titre,2,100,Très inclus
Union libre,152879,46-55,Non,Non,Oui,Proprio avec titre,2,45,Partiellement inclus
Union libre,76575,26-35,Non,Non,Non,Proprio avec titre,1,30,Partiellement inclus
Veuf,122924,36-45,Non,Non,Non,Locataire,3,10,Exclu
Célibataire,29942,36-45,Non,Oui,Non,Proprio sans titre,1,60,Inclus
Union libre,147511,36-45,Non,Oui,Non,Hébergé,3,30,Partiellement inclus
Marié,60561,26-35,Non,Oui,Non,Hébergé,3,30,Partiellement inclus
Union libre,53982,36-45,Non,Oui,Oui,Proprio sans titre,2,75,Très inclus
Marié,194832,26-35,Oui,Oui,Non,Proprio sans titre,0,85,Très inclus
Veuf,654745,36-45,Oui,Non,Oui,Proprio sans titre,2,70,Inclus
Marié,407712,56+,Non,Non,Oui,Locataire,2,25,Partiellement inclus
Veuf,33843,56+,Oui,Non,Oui,Proprio avec titre,2,70,Inclus
Marié,60498,26-35,Non,Oui,Oui,Hébergé,2,45,Partiellement inclus
Veuf,416970,56+,Non,Oui,Non,Locataire,3,40,Partiellement inclus
Marié,60931,26-35,Non,Oui,Non,Proprio sans titre,1,60,Inclus
Célibataire,130010,56+,Non,Non,Oui,Proprio sans titre,2,45,Partiellement inclus
Marié,282109,56+,Non,Non,Non,Proprio avec titre,1,30,Partiellement inclus
Marié,61799,26-35,Non,Non,Non,Proprio sans titre,1,30,Partiellement inclus
Célibataire,180841,46-55,Non,Non,Non,Locataire,3,10,Exclu
Union libre,42872,56+,Oui,Non,Oui,Locataire,2,50,Inclus
Union libre,89199,36-45,Non,Oui,Non,Proprio avec titre,1,60,Inclus
Marié,224085,46-55,Non,Oui,Non,Locataire,3,40,Partiellement inclus
Célibataire,33090,26-35,Non,Non,Non,Hébergé,3,0,Exclu
Marié,252830,46-55,Non,Oui,Non,Locataire,3,40,Partiellement inclus
Veuf,159589,18-25,Oui,Oui,Oui,Locataire,2,80,Très inclus
Veuf,282798,18-25,Non,Non,Oui,Locataire,2,25,Partiellement inclus
Marié,203600,56+,Non,Non,Non,Hébergé,3,0,Exclu
Union libre,636755,56+,Non,Non,Non,Proprio sans titre,1,30,Partiellement inclus
Union libre,184466,36-45,Non,Non,Oui,Locataire,2,25,Partiellement inclus
Marié,105936,46-55,Non,Non,Non,Proprio avec titre,1,30,Partiellement inclus
Marié,183927,18-25,Non,Oui,Non,Hébergé,3,30,Partiellement inclus
Veuf,280210,56+,Non,Oui,Non,Proprio avec titre,1,60,Inclus
Union libre,170904,46-55,Non,Non,Non,Locataire,3,10,Exclu
Marié,169497,56+,Non,Non,Non,Proprio avec titre,1,30,Partiellement inclus
Veuf,80660,56+,Oui,Oui,Non,Locataire,0,65,Inclus
Union libre,83876,18-25,Non,Non,Non,Hébergé,3,0,Exclu
Célibataire,40030,18-25,Non,Oui,Oui,Proprio avec titre,2,75,Très inclus
Veuf,936192,56+,Oui,Oui,Oui,Proprio avec titre,2,100,Très inclus
Union libre,46917,26-35,Oui,Non,Oui,Locataire,2,50,Inclus
Union libre,81397,56+,Non,Oui,Oui,Locataire,2,55,Inclus
Veuf,79347,56+,Non,Oui,Oui,Proprio sans titre,2,75,Très inclus
Célibataire,398285,36-45,Non,Oui,Oui,Locataire,2,55,Inclus
Veuf,121182,36-45,Non,Non,Non,Locataire,3,10,Exclu
Union libre,566788,36-45,Oui,Oui,Oui,Proprio sans titre,2,100,Très inclus
Marié,82992,26-35,Oui,Non,Non,Locataire,0,35,Partiellement inclus
Marié,215129,26-35,Oui,Non,Oui,Locataire,2,50,Inclus
Veuf,70590,56+,Oui,Oui,Non,Proprio sans titre,0,85,Très inclus
Union libre,1390465,36-45,Oui,Non,Non,Hébergé,0,25,Partiellement inclus
Marié,49632,26-35,Non,Oui,Oui,Hébergé,2,45,Partiellement inclus
Union libre,221864,18-25,Non,Non,Non,Locataire,3,10,Exclu
Veuf,306746,56+,Oui,Non,Non,Locataire,0,35,Partiellement inclus
Marié,246175,46-55,Oui,Non,Non,Proprio sans titre,0,55,Inclus
Union libre,135227,56+,Non,Oui,Non,Proprio sans titre,1,60,Inclus
Marié,142939,46-55,Oui,Oui,Non,Hébergé,0,55,Inclus
Veuf,170043,36-45,Non,Oui,Non,Proprio avec titre,1,60,Inclus
Union libre,140504,46-55,Non,Oui,Non,Locataire,3,40,Partiellement inclus
Marié,426718,36-45,Non,Non,Oui,Proprio avec titre,2,45,Partiellement inclus
Veuf,1484402,18-25,Oui,Oui,Non,Proprio avec titre,0,85,Très inclus
Marié,93200,46-55,Oui,Non,Non,Proprio sans titre,0,55,Inclus
Marié,41365,56+,Non,Oui,Non,Locataire,3,40,Partiellement inclus
Célibataire,149002,36-45,Non,Oui,Oui,Locataire,2,55,Inclus
Célibataire,2147273,56+,Non,Non,Non,Proprio sans titre,1,30,Partiellement inclus
Veuf,72862,26-35,Oui,Oui,Non,Proprio avec titre,0,85,Très inclus
Célibataire,838287,36-45,Non,Non,Oui,Proprio sans titre,2,45,Partiellement inclus
Veuf,871264,46-55,Non,Non,Non,Hébergé,3,0,Exclu
Célibataire,93565,36-45,Non,Non,Non,Locataire,3,10,Exclu
Marié,287501,56+,Oui,Oui,Non,Hébergé,0,55,Inclus
Veuf,829349,18-25,Oui,Non,Non,Proprio sans titre,0,55,Inclus
Veuf,111398,36-45,Non,Non,Non,Locataire,3,10,Exclu
Marié,132776,46-55,Non,Non,Non,Hébergé,3,0,Exclu
Veuf,90973,26-35,Non,Oui,Non,Hébergé,3,30,Partiellement inclus
Veuf,58997,18-25,Non,Non,Oui,Proprio avec titre,2,45,Partiellement inclus
Célibataire,85026,26-35,Non,Non,Oui,Locataire,2,25,Partiellement inclus
Veuf,47861,36-45,Non,Non,Non,Hébergé,3,0,Exclu
Union libre,168397,56+,Non,Oui,Oui,Hébergé,2,45,Partiellement inclus
Marié,75359,56+,Non,Oui,Oui,Proprio avec titre,2,75,Très inclus
Célibataire,205620,46-55,Non,Non,Non,Hébergé,3,0,Exclu
Célibataire,34341,56+,Non,Oui,Oui,Hébergé,2,45,Partiellement inclus
Union libre,226586,18-25,Non,Non,Non,Hébergé,3,0,Exclu
Marié,374568,56+,Oui,Oui,Oui,Proprio avec titre,2,100,Très inclus
Marié,22164,46-55,Non,Non,Non,Hébergé,3,0,Exclu
Célibataire,236583,36-45,Oui,Oui,Non,Hébergé,0,55,Inclus
Veuf,555525,36-45,Non,Oui,Oui,Locataire,2,55,Inclus
Célibataire,48550,56+,Non,Non,Non,Locataire,3,10,Exclu
Marié,866807,26-35,Oui,Non,Oui,Proprio avec titre,2,70,Inclus
Union libre,247463,36-45,Non,Non,Non,Proprio sans titre,1,30,Partiellement inclus
Célibataire,80417,56+,Non,Oui,Non,Locataire,3,40,Partiellement inclus
Marié,153926,46-55,Oui,Non,Non,Proprio avec titre,0,55,Inclus
Célibataire,284454,56+,Non,Non,Non,Hébergé,3,0,Exclu
Veuf,175607,36-45,Non,Non,Non,Hébergé,3,0,Exclu
Célibataire,278941,46-55,Non,Oui,Non,Proprio avec titre,1,60,Inclus
Célibataire,64817,56+,Non,Non,Non,Hébergé,3,0,Exclu
Marié,192790,18-25,Oui,Non,Oui,Hébergé,2,40,Partiellement inclus
Marié,39588,46-55,Oui,Non,Non,Proprio sans titre,0,55,Inclus
Marié,145622,18-25,Non,Oui,Oui,Hébergé,2,45,Partiellement inclus
Célibataire,65913,26-35,Non,Non,Non,Locataire,3,10,Exclu
Veuf,78000,46-55,Non,Non,Oui,Hébergé,2,15,Exclu
Union libre,560224,18-25,Oui,Oui,Non,Proprio avec titre,0,85,Très inclus
Union libre,484711,36-45,Non,Oui,Oui,Proprio sans titre,2,75,Très inclus
Marié,299280,36-45,Oui,Oui,Oui,Hébergé,2,70,Inclus
Marié,54594,26-35,Oui,Oui,Non,Proprio avec titre,0,85,Très inclus
Célibataire,118609,46-55,Non,Oui,Non,Locataire,3,40,Partiellement inclus
Union libre,547489,46-55,Non,Non,Non,Hébergé,3,0,Exclu
Marié,187534,46-55,Non,Non,Oui,Proprio sans titre,2,45,Partiellement inclus
Veuf,1655029,26-35,Non,Non,Oui,Hébergé,2,15,Exclu
Veuf,241184,46-55,Non,Non,Non,Proprio avec titre,1,30,Partiellement inclus
Marié,197214,36-45,Non,Oui,Non,Proprio sans titre,1,60,Inclus
Marié,119477,18-25,Non,Oui,Oui,Hébergé,2,45,Partiellement inclus
Union libre,186007,36-45,Non,Non,Non,Locataire,3,10,Exclu
Union libre,139738,36-45,Non,Oui,Non,Proprio sans titre,1,60,Inclus
Célibataire,330416,18-25,Non,Oui,Non,Locataire,3,40,Partiellement inclus
Union libre,423666,36-45,Oui,Oui,Non,Proprio avec titre,0,85,Très inclus
Veuf,74162,26-35,Non,Oui,Non,Hébergé,3,30,Partiellement inclus
Veuf,42991,18-25,Oui,Non,Oui,Locataire,2,50,Inclus
Marié,25946,36-45,Non,Oui,Oui,Proprio avec titre,2,75,Très inclus
Union libre,270490,56+,Non,Oui,Non,Hébergé,3,30,Partiellement inclus
Célibataire,53994,36-45,Oui,Oui,Non,Proprio avec titre,0,85,Très inclus
Veuf,18903,26-35,Oui,Non,Non,Locataire,0,35,Partiellement inclus
Veuf,240044,46-55,Non,Oui,Non,Proprio avec titre,1,60,Inclus
Célibataire,1968927,36-45,Non,Non,Non,Proprio sans titre,1,30,Partiellement inclus
Célibataire,161769,46-55,Oui,Oui,Non,Hébergé,0,55,Inclus
Veuf,376431,56+,Non,Oui,Oui,Proprio avec titre,2,75,Très inclus
Veuf,176632,36-45,Non,Non,Oui,Locataire,2,25,Partiellement inclus
Célibataire,147430,18-25,Non,Oui,Non,Hébergé,3,30,Partiellement inclus
Veuf,408022,46-55,Non,Oui,Non,Proprio sans titre,1,60,Inclus
Marié,121750,56+,Non,Oui,Oui,Hébergé,2,45,Partiellement inclus
Marié,212647,18-25,Oui,Non,Non,Proprio sans titre,0,55,Inclus
Célibataire,224515,18-25,Non,Oui,Non,Hébergé,3,30,Partiellement inclus
Union libre,83442,18-25,Non,Non,Non,Proprio avec titre,1,30,Partiellement inclus
Célibataire,438906,18-25,Oui,Oui,Oui,Proprio avec titre,2,100,Très inclus
Célibataire,136631,36-45,Oui,Oui,Non,Locataire,0,65,Inclus
Union libre,76439,36-45,Oui,Oui,Oui,Proprio sans titre,2,100,Très inclus
Union libre,278315,36-45,Non,Non,Non,Locataire,3,10,Exclu
Union libre,66272,56+,Non,Oui,Oui,Proprio avec titre,2,75,Très inclus
Marié,167406,56+,Non,Oui,Non,Proprio sans titre,1,60,Inclus
Veuf,161277,56+,Non,Oui,Oui,Locataire,2,55,Inclus
Marié,482094,26-35,Non,Oui,Non,Locataire,3,40,Partiellement inclus
Veuf,261633,56+,Oui,Oui,Non,Locataire,0,65,Inclus
Marié,158732,36-45,Oui,Non,Oui,Locataire,2,50,Inclus
Veuf,368710,36-45,Non,Oui,Non,Locataire,3,40,Partiellement inclus
Marié,653571,26-35,Oui,Oui,Oui,Proprio sans titre,2,100,Très inclus
Union libre,284307,26-35,Non,Non,Non,Locataire,3,10,Exclu
Célibataire,164448,56+,Non,Oui,Non,Proprio sans titre,1,60,Inclus
Marié,43833,46-55,Oui,Oui,Non,Locataire,0,65,Inclus
Veuf,56099,26-35,Non,Oui,Non,Proprio avec titre,1,60,Inclus
Union libre,119943,18-25,Non,Non,Non,Proprio avec titre,1,30,Partiellement inclus
Marié,88476,36-45,Non,Oui,Non,Locataire,3,40,Partiellement inclus
Marié,134999,18-25,Oui,Oui,Oui,Hébergé,2,70,Inclus
Union libre,172240,36-45,Non,Oui,Non,Proprio avec titre,1,60,Inclus
Marié,276424,36-45,Oui,Non,Non,Proprio sans titre,0,55,Inclus
Célibataire,151675,26-35,Non,Oui,Oui,Locataire,2,55,Inclus
Marié,264739,26-35,Oui,Non,Non,Proprio sans titre,0,55,Inclus
Célibataire,173593,18-25,Non,Non,Oui,Hébergé,2,15,Exclu
Célibataire,22573,36-45,Non,Non,Non,Locataire,3,10,Exclu
Union libre,63618,18-25,Non,Oui,Oui,Proprio avec titre,2,75,Très inclus
Marié,140915,46-55,Oui,Oui,Non,Proprio sans titre,0,85,Très inclus
Union libre,48547,18-25,Oui,Oui,Non,Proprio avec titre,0,85,Très inclus
Marié,296537,56+,Oui,Oui,Oui,Proprio avec titre,2,100,Très inclus
Marié,752194,18-25,Oui,Oui,Oui,Locataire,2,80,Très inclus
Veuf,550598,56+,Oui,Non,Non,Proprio sans titre,0,55,Inclus
Marié,131473,56+,Non,Oui,Non,Hébergé,3,30,Partiellement inclus
Union libre,722683,56+,Oui,Oui,Oui,Proprio avec titre,2,100,Très inclus
Célibataire,188842,46-55,Oui,Non,Oui,Locataire,2,50,Inclus
Marié,116182,18-25,Non,Non,Non,Locataire,3,10,Exclu
Veuf,88132,18-25,Oui,Oui,Non,Hébergé,0,55,Inclus
Union libre,120274,46-55,Oui,Non,Non,Locataire,0,35,Partiellement inclus
Marié,110395,36-45,Oui,Oui,Non,Proprio avec titre,0,85,Très inclus
Union libre,192994,26-35,Non,Non,Oui,Locataire,2,25,Partiellement inclus
Veuf,191104,18-25,Oui,Non,Non,Proprio sans titre,0,55,Inclus
Veuf,163251,26-35,Non,Non,Non,Proprio sans titre,1,30,Partiellement inclus
Union libre,251937,46-55,Non,Non,Oui,Proprio avec titre,2,45,Partiellement inclus
Marié,535334,36-45,Oui,Oui,Non,Proprio sans titre,0,85,Très inclus
Célibataire,420649,36-45,Non,Oui,Non,Hébergé,3,30,Partiellement inclus
Veuf,36868,36-45,Oui,Non,Non,Locataire,0,35,Partiellement inclus
Marié,12658,46-55,Oui,Oui,Non,Proprio avec titre,0,85,Très inclus
Marié,414289,56+,Non,Non,Oui,Hébergé,2,15,Exclu
Célibataire,41486,56+,Non,Oui,Non,Locataire,3,40,Partiellement inclus
Veuf,129992,26-35,Non,Oui,Non,Hébergé,3,30,Partiellement inclus
Veuf,50507,56+,Oui,Oui,Oui,Proprio avec titre,2,100,Très inclus
Marié,26849,56+,Non,Oui,Non,Proprio avec titre,1,60,Inclus
Marié,279697,36-45,Non,Non,Non,Hébergé,3,0,Exclu
Célibataire,347720,36-45,Oui,Non,Non,Locataire,0,35,Partiellement inclus
Célibataire,91444,26-35,Oui,Non,Non,Proprio sans titre,0,55,Inclus
Veuf,12197,18-25,Oui,Non,Non,Proprio sans titre,0,55,Inclus
Union libre,94254,26-35,Oui,Non,Non,Hébergé,0,25,Partiellement inclus
Veuf,240819,26-35,Non,Non,Non,Proprio avec titre,1,30,Partiellement inclus
Marié,37089,46-55,Non,Oui,Non,Locataire,3,40,Partiellement inclus
Veuf,195508,46-55,Non,Non,Oui,Locataire,2,25,Partiellement inclus
Union libre,160282,26-35,Oui,Oui,Non,Proprio avec titre,0,85,Très inclus
Célibataire,290480,26-35,Non,Oui,Non,Proprio sans titre,1,60,Inclus
Union libre,183428,26-35,Oui,Non,Non,Locataire,0,35,Partiellement inclus
Union libre,61508,56+,Oui,Oui,Non,Hébergé,0,55,Inclus
Union libre,538515,46-55,Oui,Oui,Non,Proprio sans titre,0,85,Très inclus
Célibataire,138894,26-35,Oui,Oui,Non,Hébergé,0,55,Inclus
Union libre,158370,36-45,Non,Oui,Oui,Proprio sans titre,2,75,Très inclus
Union libre,64005,36-45,Non,Non,Oui,Proprio avec titre,2,45,Partiellement inclus
Union libre,104476,56+,Non,Oui,Non,Hébergé,3,30,Partiellement inclus
Marié,67184,56+,Oui,Oui,Non,Hébergé,0,55,Inclus
Union libre,136906,18-25,Oui,Oui,Oui,Proprio avec titre,2,100,Très inclus
Célibataire,901403,18-25,Oui,Oui,Oui,Hébergé,2,70,Inclus
Union libre,41278,18-25,Non,Non,Non,Proprio sans titre,1,30,Partiellement inclus
Union libre,32417,56+,Non,Oui,Non,Locataire,3,40,Partiellement inclus
Célibataire,708687,56+,Non,Non,Non,Locataire,3,10,Exclu
Union libre,132015,56+,Oui,Non,Non,Proprio avec titre,0,55,Inclus
Célibataire,83360,36-45,Non,Non,Oui,Proprio sans titre,2,45,Partiellement inclus
Union libre,460424,56+,Non,Non,Non,Hébergé,3,0,Exclu
Célibataire,88821,36-45,Non,Non,Non,Hébergé,3,0,Exclu
Union libre,1010554,18-25,Non,Oui,Non,Locataire,3,40,Partiellement inclus
Union libre,320592,18-25,Non,Oui,Oui,Hébergé,2,45,Partiellement inclus
Marié,99916,18-25,Non,Oui,Oui,Locataire,2,55,Inclus
Marié,1407475,26-35,Oui,Non,Oui,Proprio avec titre,2,70,Inclus
Union libre,88812,26-35,Non,Oui,Non,Hébergé,3,30,Partiellement inclus
Union libre,341839,46-55,Oui,Oui,Non,Proprio sans titre,0,85,Très inclus
Veuf,219540,46-55,Non,Oui,Non,Hébergé,3,30,Partiellement inclus
