id,birthday,civility,marital_status,bancarise,children_number,address,country,cty_name,city,neighborhood,monthly_income,occupational_function,activity_sector_id,contract_type,monthly_charge,debt,professional_experience,previous_dwellings,persons_dependents,created_at,updated_at,cleaned_at,source_table,cleaning_version,milieu_resid,age_num,sex,region_name
5a09bfe7-d2a5-48ed-b4a1-cfe218cb8ebc,1988-02-10 08:42:26.130,mrs.,Célibataire,1,9,112 boulevard de marseille,côte d'ivoire,DIVO,DIVO,quartier central,450000.0,national group officer,20f6ae39-4b2a-4515-b155-90b9d986aadd,Fonctionnaire,77095.0,376120.0,0,1,0,2024-08-01,2025-10-17 15:42:02.714,2025-11-14T00:05:35.864066+00:00,users,v1.0,Urbain,37,F,LÔH-DJIBOUA
32fc5161-c9a5-4465-9659-e8a0244dfde4,1978-02-21 13:47:53.144,mrs.,Veuf(ve),1,5,4 avenue jean mermoz,côte d'ivoire,BOUAKÉ,BOUAKÉ,quartier central,600000.0,human usability consultant,c7361074-ee93-4d34-9809-2f421aebcc4c,CDD,958110.0,735040.0,6,4,1,2024-08-01,2025-10-17 15:42:01.796,2025-11-14T00:05:35.864066+00:00,users,v1.0,Urbain,47,F,GBEKE
d00dc51a-cfcf-4d33-844f-3735d5f48c55,1996-06-20 14:22:43.356,ms.,Célibataire,1,6,406 boulevard françois mitterrand,côte d'ivoire,ANYAMA,ANYAMA,quartier central,600000.0,principal intranet technician,77d86d10-8a1c-46e7-a382-72a31927deb9,Independant,532110.0,165535.0,18,2,6,2024-08-01,2025-10-17 15:42:02.762,2025-11-14T00:05:35.864066+00:00,users,v1.0,Urbain,29,F,AUTONOME D'ABIDJAN
abd739ba-c384-46bc-ba90-2111421883bf,2001-07-16 18:06:10.901,miss,Célibataire,0,5,571 boulevard lagunaire,côte d'ivoire,SAN-PÉDRO,SAN-PÉDRO,quartier central,190000.0,principal quality associate,4519368d-3e62-4c36-ac20-6fac383e6ebb,CDI,217115.0,149140.0,24,5,6,2024-08-01,2025-10-17 15:42:02.397,2025-11-14T00:05:35.864066+00:00,users,v1.0,Urbain,24,F,SAN-PEDRO
901d435b-afae-4ef1-b6e1-290a5ff95ac3,1966-03-06 05:08:37.875,mrs.,Veuf(ve),0,2,320 boulevard hassan ii,côte d'ivoire,DALOA,DALOA,quartier central,520000.0,senior functionality specialist,6edc7ab3-827f-4e91-a5ee-d9c086ddddee,CDD,920535.0,730895.0,20,5,7,2024-08-01,2025-10-17 15:42:01.940,2025-11-14T00:05:35.864066+00:00,users,v1.0,Urbain,59,F,HAUT-SASSANDRA
16764a2c-1894-4c3e-8e54-ebae9eb10235,1966-08-05 07:10:22.935,dr.,Marié(e),1,4,166 boulevard de marseille,côte d'ivoire,ANYAMA,ANYAMA,quartier central,895000.0,dynamic security liaison,1bd8ebfb-a8d9-4abf-94b0-6c52c7b32684,Fonctionnaire,1588580.0,1358880.0,11,1,0,2024-08-01,2025-10-17 15:42:02.300,2025-11-14T00:05:35.864066+00:00,users,v1.0,Urbain,59,M,AUTONOME D'ABIDJAN
f95c0f22-ca9a-4ef0-b7fe-8837ac4bc9a4,2003-10-12 15:32:56.049,mr.,Marié(e),0,6,192 rue des bananiers,côte d'ivoire,GAGNOA,GAGNOA,quartier central,245000.0,corporate data orchestrator,54e98a95-7ae2-484c-952c-bde0851e7d17,Fonctionnaire,743480.0,113280.0,9,2,0,2024-08-01,2025-10-17 15:42:02.638,2025-11-14T00:05:35.864066+00:00,users,v1.0,Urbain,22,M,GÔH
963e6b1c-7f38-4d33-954c-f4603b8de1ff,1979-10-14 07:55:45.632,ms.,Célibataire,1,3,556 boulevard françois mitterrand,côte d'ivoire,ABIDJAN,ABOBO,sagbé,540000.0,forward interactions administrator,9fef1d63-115a-484f-9380-2c08c735e7c6,Independant,887250.0,347790.0,9,1,0,2024-08-01,2025-10-17 15:42:02.200,2025-11-14T00:05:35.864066+00:00,users,v1.0,Urbain,46,F,AUTONOME D'ABIDJAN
f0ac2827-3bde-4af3-a46e-ef3102a02750,1984-12-02 11:40:55.695,dr.,Divorcé(e),0,1,164 boulevard lagunaire,côte d'ivoire,ANYAMA,ANYAMA,quartier central,310000.0,forward optimization director,9a0eaaba-6785-45a8-a1fb-11dd8970b3d1,Interim,230505.0,321160.0,18,3,7,2024-08-01,2025-10-17 15:42:01.817,2025-11-14T00:05:35.864066+00:00,users,v1.0,Urbain,41,M,AUTONOME D'ABIDJAN
98dece8e-1cae-4394-9171-7d93a4f1742a,1978-09-09 06:12:18.986,mrs.,Célibataire,1,7,700 boulevard françois mitterrand,côte d'ivoire,DIVO,DIVO,quartier central,785000.0,senior interactions facilitator,a55fb996-3431-4ece-8433-ddd2bac84e2f,Fonctionnaire,1798995.0,1301250.0,12,3,7,2024-08-01,2025-10-17 15:42:02.194,2025-11-14T00:05:35.864066+00:00,users,v1.0,Urbain,47,F,LÔH-DJIBOUA
9565a4fb-5f4d-47bb-ab15-b73455522298,1978-04-20 04:57:09.078,dr.,Célibataire,0,4,431 boulevard françois mitterrand,côte d'ivoire,MAN,MAN,quartier central,400000.0,internal implementation associate,8cc5e648-6ed5-439b-b644-e3b8f00fd5d0,CDD,826170.0,160060.0,23,5,2,2024-08-01,2025-10-17 15:42:02.472,2025-11-14T00:05:35.864066+00:00,users,v1.0,Urbain,47,M,TONKPI
f09c244e-b4c1-41cc-a502-2f8af1f97168,1972-04-18 12:00:05.182,dr.,Célibataire,1,0,536 rue des bananiers,côte d'ivoire,SAN-PÉDRO,SAN-PÉDRO,quartier central,130000.0,lead accountability engineer,70c7d435-9285-4498-9b2b-3025294ffe2f,Interim,109375.0,193505.0,18,5,7,2024-08-01,2025-10-17 15:42:02.698,2025-11-14T00:05:35.864066+00:00,users,v1.0,Urbain,53,M,SAN-PEDRO
c7395ad0-6ec4-44dd-b309-0b2254769b91,2002-05-27 22:38:19.644,mrs.,Célibataire,0,5,91 rue jesse owens,côte d'ivoire,GRAND-BASSAM,GRAND-BASSAM,quartier central,290000.0,forward functionality assistant,b114e618-6c39-4287-a765-ed92f6cc8933,CDI,482080.0,220270.0,0,0,6,2024-08-01,2025-10-17 15:42:02.770,2025-11-14T00:05:35.864066+00:00,users,v1.0,Urbain,23,F,SUD-COMOE
032aba66-c0e7-4e5f-a6dc-5e4f2bfe8573,1991-07-06 13:26:56.424,miss,Veuf(ve),1,2,590 avenue jean mermoz,côte d'ivoire,ANYAMA,ANYAMA,quartier central,280000.0,investor response engineer,cfa4f5ff-463c-4aaf-9b2e-70e39333903d,CDD,228380.0,446720.0,13,3,5,2024-08-01,2025-10-17 15:42:02.931,2025-11-14T00:05:35.864066+00:00,users,v1.0,Urbain,34,F,AUTONOME D'ABIDJAN
67dc2dce-0003-455d-baaf-62b9ac1791a8,1994-08-27 17:14:39.531,ms.,Veuf(ve),1,1,225 avenue houphouët boigny,côte d'ivoire,BOUAKÉ,BOUAKÉ,quartier central,210000.0,product interactions agent,54e98a95-7ae2-484c-952c-bde0851e7d17,CDI,165405.0,165140.0,6,5,4,2024-08-01,2025-10-17 15:42:02.800,2025-11-14T00:05:35.864066+00:00,users,v1.0,Urbain,31,F,GBEKE
14ed6cd9-6409-4e31-b364-9f11ab835d24,1985-12-18 13:41:16.328,miss,Célibataire,1,0,986 rue jesse owens,côte d'ivoire,DALOA,DALOA,quartier central,280000.0,international solutions director,57f29d9a-07d7-4ee6-8e52-2fd180604e62,Fonctionnaire,258660.0,9315.0,26,4,5,2024-08-01,2025-10-17 15:42:02.622,2025-11-14T00:05:35.864066+00:00,users,v1.0,Urbain,40,F,HAUT-SASSANDRA
80835309-0129-4d28-a9cf-014b935d5d8d,2000-01-21 12:16:58.136,mrs.,Veuf(ve),1,6,980 avenue houphouët boigny,côte d'ivoire,ABIDJAN,TREICHVILLE,treichville centre,450000.0,lead branding supervisor,86303c08-e346-42c4-b131-5017d69f6497,Informel,393450.0,591470.0,23,5,6,2024-08-01,2025-10-17 15:42:02.904,2025-11-14T00:05:35.864066+00:00,users,v1.0,Urbain,25,F,AUTONOME D'ABIDJAN
dddf7e22-2167-4275-b9f8-d7d607996bba,1992-12-24 07:39:16.756,dr.,Marié(e),0,10,299 avenue houphouët boigny,côte d'ivoire,GAGNOA,GAGNOA,quartier central,430000.0,human program assistant,3f71130c-2d8a-47e6-9034-5ebe700a8292,CDI,633605.0,405215.0,1,5,1,2024-08-01,2025-10-17 15:42:01.778,2025-11-14T00:05:35.864066+00:00,users,v1.0,Urbain,33,M,GÔH
34f5789e-92d9-4069-a1d7-3adbae734f93,1983-12-16 16:13:03.249,miss,Veuf(ve),0,4,455 boulevard lagunaire,côte d'ivoire,GRAND-BASSAM,GRAND-BASSAM,quartier central,865000.0,international branding liaison,d086aee6-3b63-45aa-8a07-cef4b23a4673,CDI,1793210.0,42865.0,8,5,0,2024-08-01,2025-10-17 15:42:02.916,2025-11-14T00:05:35.864066+00:00,users,v1.0,Urbain,42,F,SUD-COMOE
9876060b-c451-4c4b-98db-3351842026b7,1986-03-30 11:29:46.010,miss,Veuf(ve),0,2,448 boulevard de marseille,côte d'ivoire,GRAND-BASSAM,GRAND-BASSAM,quartier central,440000.0,regional tactics director,7aa36ab8-ae35-4a56-9d3d-e4b65c54c36d,CDD,1436700.0,37365.0,19,5,1,2024-08-01,2025-10-17 15:42:02.813,2025-11-14T00:05:35.864066+00:00,users,v1.0,Urbain,39,F,SUD-COMOE
73530c6e-34ac-429f-8538-d8bb419d6e74,1967-01-19 15:32:24.136,miss,Marié(e),0,6,913 rue des bananiers,côte d'ivoire,GRAND-BASSAM,GRAND-BASSAM,quartier central,640000.0,chief web liaison,314e9d0c-be77-41be-8036-6be32c0f2cc6,CDD,211590.0,202190.0,13,2,2,2024-08-01,2025-10-17 15:42:02.863,2025-11-14T00:05:35.864066+00:00,users,v1.0,Urbain,58,F,SUD-COMOE
45ce1ef7-3e6d-4a82-99ea-f6f948e5af1f,1989-09-01 01:32:02.585,dr.,Célibataire,1,7,66 rue des jardins,côte d'ivoire,SAN-PÉDRO,SAN-PÉDRO,quartier central,360000.0,human directives manager,3f71130c-2d8a-47e6-9034-5ebe700a8292,CDD,241420.0,666375.0,2,5,2,2024-08-01,2025-10-17 15:42:02.432,2025-11-14T00:05:35.864066+00:00,users,v1.0,Urbain,36,M,SAN-PEDRO
3f9210a6-af01-4905-9115-e3adc943f185,1960-09-16 10:30:04.674,mrs.,Célibataire,0,7,526 rue des bananiers,côte d'ivoire,DALOA,DALOA,quartier central,220000.0,dynamic data executive,7aa36ab8-ae35-4a56-9d3d-e4b65c54c36d,Etudiant,210780.0,302960.0,19,4,6,2024-08-01,2025-10-17 15:42:02.455,2025-11-14T00:05:35.864066+00:00,users,v1.0,Urbain,65,F,HAUT-SASSANDRA
4c901bef-a4d0-4fec-98c7-ea748d477834,1985-09-15 02:55:47.552,mr.,Divorcé(e),1,1,530 rue des bananiers,côte d'ivoire,DIVO,DIVO,quartier central,640000.0,customer markets developer,314e9d0c-be77-41be-8036-6be32c0f2cc6,CDD,338345.0,1122060.0,17,4,3,2024-08-01,2025-10-17 15:42:01.997,2025-11-14T00:05:35.864066+00:00,users,v1.0,Urbain,40,M,LÔH-DJIBOUA
fd305937-a95d-460d-926d-5511d0c85449,2006-07-19 04:07:38.383,ms.,Veuf(ve),1,3,90 avenue nogués,côte d'ivoire,ANYAMA,ANYAMA,quartier central,265000.0,district web developer,d7fac1a5-5920-4675-a116-b329fcf1fc4c,Interim,268590.0,357625.0,5,4,3,2024-08-01,2025-10-17 15:42:02.389,2025-11-14T00:05:35.864066+00:00,users,v1.0,Urbain,19,F,AUTONOME D'ABIDJAN
45b7a4b6-3c75-4cc9-aa5c-9d31a9c2e1ec,1965-04-05 19:49:39.224,dr.,Veuf(ve),1,1,577 rue du commerce,côte d'ivoire,YAMOUSSOUKRO,YAMOUSSOUKRO,quartier central,395000.0,central identity administrator,1d45ac22-6706-47d0-88f4-8b695e9a6407,Interim,89500.0,401470.0,22,2,4,2024-08-01,2025-10-17 15:42:02.072,2025-11-14T00:05:35.864066+00:00,users,v1.0,Urbain,60,M,YAMOUSSOUKRO
1a0a0a61-40ea-4367-b430-6d6f37e909a1,1999-04-01 07:14:20.753,dr.,Marié(e),0,8,968 rue des jardins,côte d'ivoire,BOUAKÉ,BOUAKÉ,quartier central,280000.0,district identity director,9a0eaaba-6785-45a8-a1fb-11dd8970b3d1,CDD,281850.0,9795.0,11,5,2,2024-08-01,2025-10-17 15:42:02.533,2025-11-14T00:05:35.864066+00:00,users,v1.0,Urbain,26,M,GBEKE
5c41d55a-777d-4595-a2cd-e09cd00e4483,1978-12-31 00:27:05.911,mr.,Veuf(ve),0,4,263 rue des jardins,côte d'ivoire,BOUAKÉ,BOUAKÉ,quartier central,200000.0,senior communications technician,dd6184ce-05ff-45f1-bc51-05aac09a56ef,Etudiant,169660.0,108365.0,5,0,2,2024-08-01,2025-10-17 15:42:02.326,2025-11-14T00:05:35.864066+00:00,users,v1.0,Urbain,47,M,GBEKE
b361aa12-4e35-4d12-b0e7-fbe00c4bb27e,1970-04-26 07:21:35.704,miss,Marié(e),1,3,521 avenue chardy,côte d'ivoire,BOUAKÉ,BOUAKÉ,quartier central,2400000.0,senior configuration assistant,819c95e3-16fe-44af-9c28-5a89a290c139,Independant,6702635.0,2647555.0,24,4,5,2024-08-01,2025-10-17 15:42:02.467,2025-11-14T00:05:35.864066+00:00,users,v1.0,Urbain,55,F,GBEKE
5035c6bf-ad23-4615-8724-e9fc11beca0a,1995-11-26 21:36:57.723,dr.,Célibataire,1,0,829 boulevard hassan ii,côte d'ivoire,DIVO,DIVO,quartier central,120000.0,forward intranet assistant,09b0a256-ce6f-49d2-99ca-2b91a13a2f97,Etudiant,307560.0,87420.0,34,1,3,2024-08-01,2025-10-17 15:42:02.363,2025-11-14T00:05:35.864066+00:00,users,v1.0,Urbain,30,M,LÔH-DJIBOUA
6ec74695-141a-4570-84c7-b05fa1e10b18,2001-10-24 23:51:34.820,dr.,Veuf(ve),0,0,387 avenue nogués,côte d'ivoire,BOUAKÉ,BOUAKÉ,quartier central,290000.0,forward communications producer,d7fac1a5-5920-4675-a116-b329fcf1fc4c,CDI,625240.0,415345.0,8,3,0,2024-08-01,2025-10-17 15:42:02.158,2025-11-14T00:05:35.864066+00:00,users,v1.0,Urbain,24,M,GBEKE
747bbdc1-96a6-434b-8e5d-4405e1c71bed,2002-04-17 22:52:13.325,ms.,Célibataire,1,1,551 boulevard lagunaire,côte d'ivoire,YAMOUSSOUKRO,YAMOUSSOUKRO,quartier central,1090000.0,customer group consultant,a5e1739d-e7a4-47bb-9920-42786ce6d19f,Independant,1823740.0,1396035.0,26,2,0,2024-08-01,2025-10-17 15:42:02.839,2025-11-14T00:05:35.864066+00:00,users,v1.0,Urbain,23,F,YAMOUSSOUKRO
93cc4a0e-5a71-4b03-a61e-61dfc29e6d94,1989-09-02 16:30:37.147,dr.,Célibataire,0,8,134 avenue houphouët boigny,côte d'ivoire,YAMOUSSOUKRO,YAMOUSSOUKRO,quartier central,200000.0,product functionality technician,88ae7735-0262-42aa-9df4-da44f7d032fd,Fonctionnaire,143405.0,295140.0,15,2,7,2024-08-01,2025-10-17 15:42:02.658,2025-11-14T00:05:35.864066+00:00,users,v1.0,Urbain,36,M,YAMOUSSOUKRO
6c83dbe7-2c02-474a-b40a-9bb0070f6fef,2005-02-22 12:41:52.465,mr.,Veuf(ve),1,5,641 rue pierre et marie curie,côte d'ivoire,BOUAKÉ,BOUAKÉ,quartier central,365000.0,customer security developer,b870f1eb-0c24-4f7d-8124-9f4c9facd3eb,CDI,83630.0,344670.0,30,2,1,2024-08-01,2025-10-17 15:42:02.216,2025-11-14T00:05:35.864066+00:00,users,v1.0,Urbain,20,M,GBEKE
a96ea23f-899a-4c0d-96cf-2dcf9ea19981,1979-12-29 15:32:17.937,mr.,Marié(e),0,10,36 rue du commerce,côte d'ivoire,GRAND-BASSAM,GRAND-BASSAM,quartier central,225000.0,human communications planner,7e4acbee-a3e4-4ecc-9c05-60e4b10ee675,Fonctionnaire,481865.0,224370.0,32,0,2,2024-08-01,2025-10-17 15:42:01.696,2025-11-14T00:05:35.864066+00:00,users,v1.0,Urbain,46,M,SUD-COMOE
47018bf1-c980-4b4c-b762-95a9f3bafe4d,1993-03-27 06:40:24.762,dr.,Célibataire,1,6,387 rue jesse owens,côte d'ivoire,KORHOGO,KORHOGO,quartier central,260000.0,investor optimization engineer,6edc7ab3-827f-4e91-a5ee-d9c086ddddee,Etudiant,814270.0,179590.0,1,4,3,2024-08-01,2025-10-17 15:42:02.048,2025-11-14T00:05:35.864066+00:00,users,v1.0,Urbain,32,M,PORO
72a848c1-8590-4469-b3ad-05901f9a6504,1989-01-18 20:03:16.530,mrs.,Divorcé(e),0,6,358 avenue nogués,côte d'ivoire,GAGNOA,GAGNOA,quartier central,140000.0,investor creative administrator,9a0eaaba-6785-45a8-a1fb-11dd8970b3d1,Etudiant,380665.0,95240.0,19,3,1,2024-08-01,2025-10-17 15:42:02.593,2025-11-14T00:05:35.864066+00:00,users,v1.0,Urbain,36,F,GÔH
f53a553d-4d1d-45bd-b006-c924f40e982a,1992-01-20 10:41:52.444,ms.,Divorcé(e),1,0,281 boulevard lagunaire,côte d'ivoire,GAGNOA,GAGNOA,quartier central,505000.0,internal creative facilitator,29603e67-5d54-439f-afaf-8348d6eb6b47,Informel,249745.0,439750.0,35,1,5,2024-08-01,2025-10-17 15:42:02.519,2025-11-14T00:05:35.864066+00:00,users,v1.0,Urbain,33,F,GÔH
eb8a3184-4e8a-49c7-9e00-f9a639228047,1959-10-29 04:09:03.124,mrs.,Divorcé(e),0,0,123 avenue houphouët boigny,côte d'ivoire,ABIDJAN,ABOBO,avocatier,255000.0,forward metrics associate,4519368d-3e62-4c36-ac20-6fac383e6ebb,Independant,533540.0,487100.0,22,5,6,2024-08-01,2025-10-17 15:42:02.058,2025-11-14T00:05:35.864066+00:00,users,v1.0,Urbain,66,F,AUTONOME D'ABIDJAN
b1b4c488-bec2-4884-ac8c-c088bb80b602,1965-09-20 19:10:55.633,dr.,Marié(e),1,5,619 avenue crosson duplessis,côte d'ivoire,ANYAMA,ANYAMA,quartier central,120000.0,product markets coordinator,d7fac1a5-5920-4675-a116-b329fcf1fc4c,Etudiant,98800.0,37930.0,31,5,4,2024-08-01,2025-10-17 15:42:02.674,2025-11-14T00:05:35.864066+00:00,users,v1.0,Urbain,60,M,AUTONOME D'ABIDJAN
530191d8-37e3-4098-a516-83321d0ed95d,1991-11-04 15:39:55.369,dr.,Célibataire,0,2,801 avenue nogués,côte d'ivoire,YAMOUSSOUKRO,YAMOUSSOUKRO,quartier central,90000.0,human markets agent,54e98a95-7ae2-484c-952c-bde0851e7d17,Etudiant,199190.0,32675.0,10,1,5,2024-08-01,2025-10-17 15:42:02.544,2025-11-14T00:05:35.864066+00:00,users,v1.0,Urbain,34,M,YAMOUSSOUKRO
ea3b138e-a586-4760-9d00-fb092c1e7164,1977-06-02 03:44:40.191,mr.,Marié(e),1,5,560 boulevard françois mitterrand,côte d'ivoire,GAGNOA,GAGNOA,quartier central,245000.0,central assurance liaison,88ae7735-0262-42aa-9df4-da44f7d032fd,Independant,86870.0,84085.0,28,1,3,2024-08-01,2025-10-17 15:42:02.737,2025-11-14T00:05:35.864066+00:00,users,v1.0,Urbain,48,M,GÔH
547b09c7-aebd-49ad-89dc-2209bc7d9104,1978-04-19 23:56:31.880,dr.,Divorcé(e),1,6,185 rue jesse owens,côte d'ivoire,MAN,MAN,quartier central,160000.0,customer program designer,119ace20-20da-4e81-be77-c2c43a42f5f4,Etudiant,376970.0,138265.0,19,3,7,2024-08-01,2025-10-17 15:42:02.726,2025-11-14T00:05:35.864066+00:00,users,v1.0,Urbain,47,M,TONKPI
dbfa36a3-b67d-414a-9da1-54c2d20431c0,1988-02-22 01:36:00.037,mr.,Divorcé(e),0,6,352 rue des bananiers,côte d'ivoire,DALOA,DALOA,quartier central,790000.0,corporate accountability specialist,81d9def0-9ab6-423b-a664-9c04a0927353,Interim,436145.0,952190.0,20,4,1,2024-08-01,2025-10-17 15:42:01.723,2025-11-14T00:05:35.864066+00:00,users,v1.0,Urbain,37,M,HAUT-SASSANDRA
963f3b9f-08b3-43ea-a386-1c872b439a39,1991-03-19 07:13:11.870,dr.,Divorcé(e),1,4,652 boulevard de marseille,côte d'ivoire,KORHOGO,KORHOGO,quartier central,280000.0,corporate quality developer,8cc5e648-6ed5-439b-b644-e3b8f00fd5d0,Informel,820120.0,40130.0,17,0,2,2024-08-01,2025-10-17 15:42:02.612,2025-11-14T00:05:35.864066+00:00,users,v1.0,Urbain,34,M,PORO
89153523-d96b-4504-ac9a-0206dbf86e2a,1977-03-06 08:43:58.522,miss,Marié(e),0,8,883 rue jesse owens,côte d'ivoire,DIVO,DIVO,quartier central,170000.0,global data facilitator,b114e618-6c39-4287-a765-ed92f6cc8933,Informel,144135.0,90535.0,27,4,5,2024-08-01,2025-10-17 15:42:02.604,2025-11-14T00:05:35.864066+00:00,users,v1.0,Urbain,48,F,LÔH-DJIBOUA
096f074f-285e-4fc6-a867-ad8e3073f63b,2006-02-23 12:48:53.304,dr.,Marié(e),1,10,231 rue des jardins,côte d'ivoire,GAGNOA,GAGNOA,quartier central,360000.0,regional infrastructure designer,9fef1d63-115a-484f-9380-2c08c735e7c6,CDD,659220.0,255665.0,16,1,5,2024-08-01,2025-10-17 15:42:02.224,2025-11-14T00:05:35.864066+00:00,users,v1.0,Urbain,19,M,GÔH
addf917d-5858-4c61-b492-ef1a4685d94d,1994-05-02 18:12:27.970,ms.,Célibataire,0,9,879 rue des bananiers,côte d'ivoire,DIVO,DIVO,quartier central,615000.0,national branding technician,3dc67084-da9e-4803-9fe9-d323cf304861,Interim,2063055.0,910980.0,6,4,5,2024-08-01,2025-10-17 15:42:02.253,2025-11-14T00:05:35.864066+00:00,users,v1.0,Urbain,31,F,LÔH-DJIBOUA
60637624-4245-4df2-9266-4fe096a3f8d1,1960-11-07 03:29:58.105,ms.,Célibataire,1,4,129 avenue jean mermoz,côte d'ivoire,ANYAMA,ANYAMA,quartier central,190000.0,internal infrastructure director,72d00338-9ffc-4ffd-88dc-754e284aa78c,CDI,231205.0,49245.0,15,0,0,2024-08-01,2025-10-17 15:42:02.778,2025-11-14T00:05:35.864066+00:00,users,v1.0,Urbain,65,F,AUTONOME D'ABIDJAN
b6b9a6ff-8e77-488f-a02c-15a3eae7ed4e,2002-06-18 11:07:35.238,mr.,Marié(e),0,8,752 avenue houphouët boigny,côte d'ivoire,ABIDJAN,COCODY,faya,575000.0,customer identity director,8cf04038-fadc-4824-b52e-fd7c47970474,CDI,1123200.0,802100.0,6,0,5,2024-08-01,2025-10-17 15:42:02.098,2025-11-14T00:05:35.864066+00:00,users,v1.0,Urbain,23,M,AUTONOME D'ABIDJAN
41c46899-d4d0-4183-a7d8-201ac33e3299,1989-08-05 08:36:35.398,miss,Marié(e),0,5,930 avenue houphouët boigny,côte d'ivoire,BOUAKÉ,BOUAKÉ,quartier central,530000.0,central usability strategist,b3cd364e-9947-46a5-bf89-539fc6fffc3a,Interim,1225715.0,5785.0,16,4,3,2024-08-01,2025-10-17 15:42:02.205,2025-11-14T00:05:35.864066+00:00,users,v1.0,Urbain,36,F,GBEKE
b76da958-56ef-4a19-87be-361a6bed2bf5,1989-08-12 05:39:02.247,ms.,Célibataire,0,6,664 rue pierre et marie curie,côte d'ivoire,ANYAMA,ANYAMA,quartier central,280000.0,regional marketing director,dd6184ce-05ff-45f1-bc51-05aac09a56ef,Informel,671255.0,447100.0,32,2,5,2024-08-01,2025-10-17 15:42:02.248,2025-11-14T00:05:35.864066+00:00,users,v1.0,Urbain,36,F,AUTONOME D'ABIDJAN
5d41c1b0-60bf-4220-ac34-e35e9109d56c,1977-03-19 19:41:56.025,dr.,Divorcé(e),0,5,377 boulevard lagunaire,côte d'ivoire,KORHOGO,KORHOGO,quartier central,420000.0,direct factors architect,c7361074-ee93-4d34-9809-2f421aebcc4c,Informel,565410.0,562250.0,31,0,7,2024-08-01,2025-10-17 15:42:02.367,2025-11-14T00:05:35.864066+00:00,users,v1.0,Urbain,48,M,PORO
0accd90b-b4f1-4643-a1c6-912df570e919,1977-08-20 09:21:09.213,mr.,Célibataire,1,9,269 rue des jardins,côte d'ivoire,ANYAMA,ANYAMA,quartier central,110000.0,district usability producer,4519368d-3e62-4c36-ac20-6fac383e6ebb,Informel,219870.0,84405.0,31,2,4,2024-08-01,2025-10-17 15:42:02.181,2025-11-14T00:05:35.864066+00:00,users,v1.0,Urbain,48,M,AUTONOME D'ABIDJAN
574e1f91-e426-4d37-8191-886e030b130e,2005-12-26 08:34:38.691,dr.,Marié(e),1,8,866 rue pierre et marie curie,côte d'ivoire,SAN-PÉDRO,SAN-PÉDRO,quartier central,215000.0,principal directives associate,9330f632-b1f9-4866-9e55-a840c56b7eb8,Informel,672950.0,426475.0,1,2,7,2024-08-01,2025-10-17 15:42:02.238,2025-11-14T00:05:35.864066+00:00,users,v1.0,Urbain,20,M,SAN-PEDRO
219c1773-1e84-48d0-9ffc-826ba02310d7,2001-02-07 06:09:50.034,miss,Divorcé(e),0,3,596 rue des bananiers,côte d'ivoire,SAN-PÉDRO,SAN-PÉDRO,quartier central,670000.0,lead solutions liaison,b3cd364e-9947-46a5-bf89-539fc6fffc3a,Fonctionnaire,2208300.0,403000.0,28,2,6,2024-08-01,2025-10-17 15:42:01.759,2025-11-14T00:05:35.864066+00:00,users,v1.0,Urbain,24,F,SAN-PEDRO
3b4a4b83-5efc-4b3c-b1a4-7b2108ce601b,1994-06-09 13:52:47.348,dr.,Divorcé(e),1,10,412 rue des bananiers,côte d'ivoire,YAMOUSSOUKRO,YAMOUSSOUKRO,quartier central,335000.0,customer program assistant,b3c55050-cb9d-4d90-99f6-afbc99cca917,Fonctionnaire,353430.0,333530.0,24,1,0,2024-08-01,2025-10-17 15:42:02.693,2025-11-14T00:05:35.864066+00:00,users,v1.0,Urbain,31,M,YAMOUSSOUKRO
73e8e43d-a46d-4ccb-a281-f9f6cb92f91e,1985-04-02 15:25:55.251,ms.,Veuf(ve),1,10,33 boulevard de marseille,côte d'ivoire,GAGNOA,GAGNOA,quartier central,120000.0,dynamic communications planner,94916872-c63b-4147-b729-8177a20908a4,CDD,98935.0,213565.0,32,4,5,2024-08-01,2025-10-17 15:42:02.118,2025-11-14T00:05:35.864066+00:00,users,v1.0,Urbain,40,F,GÔH
b019fa1b-2f13-43e9-a5c5-4585f21ca1d7,1999-10-27 18:30:06.888,mrs.,Marié(e),1,5,944 avenue jean mermoz,côte d'ivoire,GRAND-BASSAM,GRAND-BASSAM,quartier central,215000.0,product web assistant,b870f1eb-0c24-4f7d-8124-9f4c9facd3eb,Informel,592550.0,421735.0,8,3,2,2024-08-01,2025-10-17 15:42:01.658,2025-11-14T00:05:35.864066+00:00,users,v1.0,Urbain,26,F,SUD-COMOE
d793192f-7fad-4b5d-851d-f865120d3f11,1990-03-04 17:30:07.029,ms.,Veuf(ve),1,2,748 rue jesse owens,côte d'ivoire,YAMOUSSOUKRO,YAMOUSSOUKRO,quartier central,280000.0,international creative engineer,77e538be-807d-426b-885e-b8117e453dd4,Fonctionnaire,609025.0,381845.0,21,0,5,2024-08-01,2025-10-17 15:42:02.130,2025-11-14T00:05:35.864066+00:00,users,v1.0,Urbain,35,F,YAMOUSSOUKRO
ed6fe924-c4d4-4593-a5da-b40c7f3e558b,1988-06-03 02:05:41.936,miss,Veuf(ve),1,0,606 boulevard françois mitterrand,côte d'ivoire,ANYAMA,ANYAMA,quartier central,200000.0,product factors architect,2e4b6caa-edd6-42dc-b3ef-af10c857bf75,Etudiant,421570.0,322130.0,12,1,6,2024-08-01,2025-10-17 15:42:02.332,2025-11-14T00:05:35.864066+00:00,users,v1.0,Urbain,37,F,AUTONOME D'ABIDJAN
0a7af127-bad2-480a-97cb-054b2067ae93,1998-07-14 09:17:21.072,mrs.,Veuf(ve),1,10,491 avenue jean mermoz,côte d'ivoire,GRAND-BASSAM,GRAND-BASSAM,quartier central,110000.0,global response director,d217b844-8939-49b2-92c7-4d0c9d904175,Etudiant,176515.0,112670.0,26,2,7,2024-08-01,2025-10-17 15:42:02.025,2025-11-14T00:05:35.864066+00:00,users,v1.0,Urbain,27,F,SUD-COMOE
d82c4b5d-8a34-4ae1-aee1-e23716ce5e01,1974-07-15 04:43:59.299,mrs.,Marié(e),0,10,183 rue des bananiers,côte d'ivoire,DALOA,DALOA,quartier central,600000.0,investor communications engineer,c7361074-ee93-4d34-9809-2f421aebcc4c,CDD,886795.0,526005.0,19,2,1,2024-08-01,2025-10-17 15:42:02.890,2025-11-14T00:05:35.864066+00:00,users,v1.0,Urbain,51,F,HAUT-SASSANDRA
53f32e58-361c-4396-9a4a-a5f928c2bdfe,1994-05-05 12:46:12.363,ms.,Divorcé(e),1,6,186 rue pierre et marie curie,côte d'ivoire,GAGNOA,GAGNOA,quartier central,145000.0,regional directives director,94916872-c63b-4147-b729-8177a20908a4,CDI,179550.0,34300.0,28,5,0,2024-08-01,2025-10-17 15:42:02.291,2025-11-14T00:05:35.864066+00:00,users,v1.0,Urbain,31,F,GÔH
202c4a47-a7ef-4a44-8e5d-ed9ef32ef559,1983-07-10 08:07:10.668,miss,Célibataire,0,10,395 boulevard françois mitterrand,côte d'ivoire,MAN,MAN,quartier central,225000.0,principal accountability technician,d7bcc8cf-fed2-4864-a174-b64924548c3a,Informel,620340.0,26285.0,10,2,6,2024-08-01,2025-10-17 15:42:02.448,2025-11-14T00:05:35.864066+00:00,users,v1.0,Urbain,42,F,TONKPI
e27265a4-bfd5-4481-94cd-e41ac9c544b5,1970-05-08 02:20:00.989,dr.,Divorcé(e),0,6,669 rue des bananiers,côte d'ivoire,DIVO,DIVO,quartier central,110000.0,central infrastructure producer,72d00338-9ffc-4ffd-88dc-754e284aa78c,Informel,274500.0,174715.0,24,2,7,2024-08-01,2025-10-17 15:42:02.830,2025-11-14T00:05:35.864066+00:00,users,v1.0,Urbain,55,M,LÔH-DJIBOUA
86b7e6d1-78be-43b3-8ecf-5ca2ebef7241,1988-02-08 22:55:46.649,mrs.,Divorcé(e),0,5,867 rue pierre et marie curie,côte d'ivoire,DIVO,DIVO,quartier central,220000.0,regional tactics planner,7aa36ab8-ae35-4a56-9d3d-e4b65c54c36d,Etudiant,733040.0,103310.0,15,4,1,2024-08-01,2025-10-17 15:42:02.509,2025-11-14T00:05:35.864066+00:00,users,v1.0,Urbain,37,F,LÔH-DJIBOUA
3ea06c48-a637-4714-ab44-dbbd0d83b4d9,1988-03-28 12:56:17.174,mrs.,Divorcé(e),1,1,714 avenue chardy,côte d'ivoire,BOUAKÉ,BOUAKÉ,quartier central,480000.0,regional response technician,784d1c51-970d-47b5-8119-6e6e19f8faaa,CDD,1267155.0,99010.0,19,2,5,2024-08-01,2025-10-17 15:42:02.580,2025-11-14T00:05:35.864066+00:00,users,v1.0,Urbain,37,F,GBEKE
eec8dbbb-7004-4fcf-82a9-dba07e480df5,2007-08-10 23:29:08.172,miss,Célibataire,1,6,431 avenue houphouët boigny,côte d'ivoire,ANYAMA,ANYAMA,quartier central,395000.0,product research administrator,9fef1d63-115a-484f-9380-2c08c735e7c6,Interim,109665.0,574760.0,35,4,1,2024-08-01,2025-10-17 15:42:02.560,2025-11-14T00:05:35.864066+00:00,users,v1.0,Urbain,18,F,AUTONOME D'ABIDJAN
059c52b3-1ad1-4b6b-8303-bc709abe47ac,1987-10-21 16:30:51.006,mr.,Célibataire,1,7,628 boulevard hassan ii,côte d'ivoire,ANYAMA,ANYAMA,quartier central,790000.0,district configuration officer,81d9def0-9ab6-423b-a664-9c04a0927353,Interim,2454515.0,1295395.0,3,3,5,2024-08-01,2025-10-17 15:42:02.568,2025-11-14T00:05:35.864066+00:00,users,v1.0,Urbain,38,M,AUTONOME D'ABIDJAN
2100ca5f-4040-40a2-b4da-b738bb7806a9,1994-05-19 01:46:50.432,miss,Divorcé(e),0,7,753 boulevard de la république,côte d'ivoire,ABIDJAN,ABOBO,té,225000.0,principal quality agent,119ace20-20da-4e81-be77-c2c43a42f5f4,Informel,377000.0,373835.0,4,3,3,2024-08-01,2025-10-17 15:42:02.260,2025-11-14T00:05:35.864066+00:00,users,v1.0,Urbain,31,F,AUTONOME D'ABIDJAN
102c3871-1f15-48b3-8610-218130aba346,1960-02-19 03:55:56.323,mrs.,Marié(e),1,3,441 boulevard hassan ii,côte d'ivoire,GAGNOA,GAGNOA,quartier central,450000.0,investor marketing engineer,9ec6d9f9-4c17-43a3-9c1d-db7e46f183f1,Fonctionnaire,969455.0,659000.0,21,3,6,2024-08-01,2025-10-17 15:42:02.875,2025-11-14T00:05:35.864066+00:00,users,v1.0,Urbain,65,F,GÔH
5d35ddc6-391a-4cf5-b891-bc9eed2f21c2,1977-01-08 22:55:53.917,ms.,Divorcé(e),0,8,316 avenue nogués,côte d'ivoire,KORHOGO,KORHOGO,quartier central,720000.0,legacy identity liaison,c7361074-ee93-4d34-9809-2f421aebcc4c,CDI,1243430.0,1123215.0,6,1,6,2024-08-01,2025-10-17 15:42:02.190,2025-11-14T00:05:35.864066+00:00,users,v1.0,Urbain,48,F,PORO
bbc91400-3ef5-4f09-b00d-773665248def,1963-07-05 08:12:02.255,ms.,Célibataire,0,8,880 avenue houphouët boigny,côte d'ivoire,ABIDJAN,ADJAMÉ,williamsville,270000.0,investor assurance producer,d217b844-8939-49b2-92c7-4d0c9d904175,CDI,326465.0,151750.0,19,1,5,2024-08-01,2025-10-17 15:42:01.734,2025-11-14T00:05:35.864066+00:00,users,v1.0,Urbain,62,F,AUTONOME D'ABIDJAN
5ce7dcae-9ebe-4b1d-90e4-71f94529c668,2005-04-28 05:03:48.363,ms.,Divorcé(e),0,2,77 avenue nogués,côte d'ivoire,SAN-PÉDRO,SAN-PÉDRO,quartier central,315000.0,internal mobility strategist,88ae7735-0262-42aa-9df4-da44f7d032fd,Independant,824760.0,306085.0,9,2,1,2024-08-01,2025-10-17 15:42:02.034,2025-11-14T00:05:35.864066+00:00,users,v1.0,Urbain,20,F,SAN-PEDRO
16313d85-a3b7-477c-a343-acedef4169db,1964-11-27 17:14:00.728,miss,Veuf(ve),0,6,222 avenue crosson duplessis,côte d'ivoire,ABIDJAN,ABOBO,sagbé,480000.0,product integration analyst,77d86d10-8a1c-46e7-a382-72a31927deb9,CDI,939150.0,6910.0,27,2,4,2024-08-01,2025-10-17 15:42:02.317,2025-11-14T00:05:35.864066+00:00,users,v1.0,Urbain,61,F,AUTONOME D'ABIDJAN
7d464eb4-3166-4735-a149-a3fa77ef3ad5,2000-03-18 19:33:24.204,dr.,Célibataire,0,9,732 avenue nogués,côte d'ivoire,SAN-PÉDRO,SAN-PÉDRO,quartier central,145000.0,corporate markets planner,94916872-c63b-4147-b729-8177a20908a4,CDI,467145.0,122935.0,13,0,2,2024-08-01,2025-10-17 15:42:02.353,2025-11-14T00:05:35.864066+00:00,users,v1.0,Urbain,25,M,SAN-PEDRO
1ff98cc7-4326-4b6f-9bcc-1230440c2b0e,1976-06-28 02:43:17.310,mr.,Marié(e),0,5,643 avenue chardy,côte d'ivoire,ABIDJAN,PORT-BOUËT,aéroport,150000.0,direct interactions technician,9330f632-b1f9-4866-9e55-a840c56b7eb8,Etudiant,172130.0,112595.0,31,2,1,2024-08-01,2025-10-17 15:42:02.750,2025-11-14T00:05:35.864066+00:00,users,v1.0,Urbain,49,M,AUTONOME D'ABIDJAN
b013eeab-eaf3-4158-a090-1e96880e0182,1997-10-02 08:49:27.529,dr.,Marié(e),1,4,906 rue pierre et marie curie,côte d'ivoire,MAN,MAN,quartier central,315000.0,dynamic identity analyst,d217b844-8939-49b2-92c7-4d0c9d904175,Fonctionnaire,418455.0,80855.0,9,5,4,2024-08-01,2025-10-17 15:42:02.274,2025-11-14T00:05:35.864066+00:00,users,v1.0,Urbain,28,M,TONKPI
441131e1-4891-40fd-8c6e-eda60706d84e,2000-12-29 10:33:22.449,mr.,Veuf(ve),1,10,863 avenue crosson duplessis,côte d'ivoire,DALOA,DALOA,quartier central,365000.0,corporate accounts facilitator,6edc7ab3-827f-4e91-a5ee-d9c086ddddee,Informel,611590.0,511625.0,24,1,2,2024-08-01,2025-10-17 15:42:02.483,2025-11-14T00:05:35.864066+00:00,users,v1.0,Urbain,25,M,HAUT-SASSANDRA
07cac2bc-3b88-41c3-a8a5-44074c179802,1963-06-30 07:56:02.952,mr.,Marié(e),0,6,955 rue du commerce,côte d'ivoire,YAMOUSSOUKRO,YAMOUSSOUKRO,quartier central,250000.0,internal creative facilitator,1d45ac22-6706-47d0-88f4-8b695e9a6407,Informel,656470.0,7975.0,16,5,0,2024-08-01,2025-10-17 15:42:02.342,2025-11-14T00:05:35.864066+00:00,users,v1.0,Urbain,62,M,YAMOUSSOUKRO
3a1a6bca-1caf-41cb-816b-1731ddb33698,1996-01-02 20:56:52.629,ms.,Marié(e),0,7,641 rue des bananiers,côte d'ivoire,KORHOGO,KORHOGO,quartier central,175000.0,legacy creative coordinator,72d00338-9ffc-4ffd-88dc-754e284aa78c,Interim,322270.0,302625.0,4,1,5,2024-08-01,2025-10-17 15:42:02.462,2025-11-14T00:05:35.864066+00:00,users,v1.0,Urbain,29,F,PORO
d7050069-6843-4cd7-9590-b38d280e3286,2005-12-25 14:00:10.278,miss,Veuf(ve),1,2,238 rue des jardins,côte d'ivoire,DIVO,DIVO,quartier central,280000.0,international group technician,2e4b6caa-edd6-42dc-b3ef-af10c857bf75,Informel,43845.0,77495.0,7,4,4,2024-08-01,2025-10-17 15:42:02.411,2025-11-14T00:05:35.864066+00:00,users,v1.0,Urbain,20,F,LÔH-DJIBOUA
aff6e511-7a7d-4baa-aeb6-bed37d8bf78c,2003-11-27 22:19:23.174,miss,Veuf(ve),1,2,176 avenue jean mermoz,côte d'ivoire,ABIDJAN,ATTÉCOUBÉ,santé,160000.0,corporate paradigm manager,72d00338-9ffc-4ffd-88dc-754e284aa78c,Independant,123490.0,98260.0,2,5,3,2024-08-01,2025-10-17 15:42:02.305,2025-11-14T00:05:35.864066+00:00,users,v1.0,Urbain,22,F,AUTONOME D'ABIDJAN
040904af-9b06-4823-ab3c-aeeb4d42fc1e,2005-12-01 01:22:34.356,mr.,Célibataire,0,2,706 rue des jardins,côte d'ivoire,KORHOGO,KORHOGO,quartier central,255000.0,investor applications officer,38289188-1c45-4b4d-aa87-80ac9a80e68d,Independant,674300.0,234845.0,3,5,3,2024-08-01,2025-10-17 15:42:02.232,2025-11-14T00:05:35.864066+00:00,users,v1.0,Urbain,20,M,PORO
68f2c308-31a5-4331-9dc3-d0736b550066,1976-02-16 18:32:18.836,dr.,Divorcé(e),1,1,175 avenue houphouët boigny,côte d'ivoire,GRAND-BASSAM,GRAND-BASSAM,quartier central,450000.0,future optimization liaison,9ec6d9f9-4c17-43a3-9c1d-db7e46f183f1,Fonctionnaire,579745.0,605530.0,8,1,6,2024-08-01,2025-10-17 15:42:02.553,2025-11-14T00:05:35.864066+00:00,users,v1.0,Urbain,49,M,SUD-COMOE
86ebac5f-81ad-44ad-8452-e280ee00d865,1995-10-22 04:08:49.574,dr.,Veuf(ve),1,10,701 boulevard françois mitterrand,côte d'ivoire,GRAND-BASSAM,GRAND-BASSAM,quartier central,350000.0,regional quality officer,38289188-1c45-4b4d-aa87-80ac9a80e68d,Interim,58490.0,656750.0,4,2,6,2024-08-01,2025-10-17 15:42:02.851,2025-11-14T00:05:35.864066+00:00,users,v1.0,Urbain,30,M,SUD-COMOE
a580b763-e689-47fb-b7bb-9490f980dafd,1998-07-05 08:56:58.763,mrs.,Veuf(ve),1,3,352 rue du commerce,côte d'ivoire,BOUAKÉ,BOUAKÉ,quartier central,175000.0,investor configuration technician,72d00338-9ffc-4ffd-88dc-754e284aa78c,Independant,509975.0,252075.0,8,2,1,2024-08-01,2025-10-17 15:42:02.346,2025-11-14T00:05:35.864066+00:00,users,v1.0,Urbain,27,F,GBEKE
6c224d50-7d2f-4636-8346-50fe2cf2f7f2,1973-03-11 15:14:03.488,mr.,Marié(e),1,5,365 rue jesse owens,côte d'ivoire,SAN-PÉDRO,SAN-PÉDRO,quartier central,1010000.0,human optimization associate,b3cd364e-9947-46a5-bf89-539fc6fffc3a,Independant,677245.0,406770.0,27,0,6,2024-08-01,2025-10-17 15:42:01.964,2025-11-14T00:05:35.864066+00:00,users,v1.0,Urbain,52,M,SAN-PEDRO
ffea90c6-d298-428c-947b-23cfb914b89a,1961-08-12 12:31:10.925,mrs.,Marié(e),0,2,133 avenue houphouët boigny,côte d'ivoire,SAN-PÉDRO,SAN-PÉDRO,quartier central,385000.0,national response executive,b3cd364e-9947-46a5-bf89-539fc6fffc3a,Independant,1273145.0,70070.0,5,2,7,2024-08-01,2025-10-17 15:42:01.805,2025-11-14T00:05:35.864066+00:00,users,v1.0,Urbain,64,F,SAN-PEDRO
2078304a-d325-4720-9b43-149b201a26d9,1983-12-31 16:03:05.354,miss,Célibataire,0,4,241 avenue chardy,côte d'ivoire,BOUAKÉ,BOUAKÉ,quartier central,155000.0,senior mobility director,5e7bb079-0bfc-461c-ac43-0316b0b486a9,Informel,418990.0,270505.0,29,1,0,2024-08-01,2025-10-17 15:42:01.986,2025-11-14T00:05:35.864066+00:00,users,v1.0,Urbain,42,F,GBEKE
2d4a34ce-8369-4d74-b462-34c16eaf4b2f,1990-04-12 19:34:10.093,ms.,Veuf(ve),0,9,694 rue des bananiers,côte d'ivoire,ABIDJAN,ADJAMÉ,37 feux,335000.0,human accounts manager,09b0a256-ce6f-49d2-99ca-2b91a13a2f97,Fonctionnaire,890625.0,464130.0,29,2,6,2024-08-01,2025-10-17 15:42:02.162,2025-11-14T00:05:35.864066+00:00,users,v1.0,Urbain,35,F,AUTONOME D'ABIDJAN
68f21560-ba54-4f44-9db1-fce40c86211b,1981-07-22 13:48:18.536,miss,Marié(e),1,10,178 boulevard françois mitterrand,côte d'ivoire,MAN,MAN,quartier central,195000.0,corporate communications producer,54e98a95-7ae2-484c-952c-bde0851e7d17,Interim,660040.0,195005.0,12,1,7,2024-08-01,2025-10-17 15:42:02.357,2025-11-14T00:05:35.864066+00:00,users,v1.0,Urbain,44,F,TONKPI
2902b146-f6d0-4340-8683-16920c070d34,1967-08-23 15:02:12.302,mr.,Célibataire,0,0,665 rue pierre et marie curie,côte d'ivoire,KORHOGO,KORHOGO,quartier central,250000.0,product infrastructure facilitator,71746ca7-0f9c-4ae2-bef2-cfefa29f5711,Informel,699895.0,237445.0,7,3,7,2024-08-01,2025-10-17 15:42:02.142,2025-11-14T00:05:35.864066+00:00,users,v1.0,Urbain,58,M,PORO
5251748d-c217-454d-b8bc-8b8cba7380fb,1959-12-27 08:25:45.446,dr.,Marié(e),1,2,484 boulevard de la république,côte d'ivoire,ABIDJAN,MARCORY,marcory zone 4,1090000.0,lead configuration producer,314e9d0c-be77-41be-8036-6be32c0f2cc6,Independant,1129050.0,22575.0,13,4,2,2024-08-01,2025-10-17 15:42:02.108,2025-11-14T00:05:35.864066+00:00,users,v1.0,Urbain,66,M,AUTONOME D'ABIDJAN
ee2ba334-d324-452e-9685-e8814f0ce5c8,1963-10-31 14:50:53.916,ms.,Célibataire,1,7,381 avenue chardy,côte d'ivoire,MAN,MAN,quartier central,200000.0,dynamic mobility liaison,57f29d9a-07d7-4ee6-8e52-2fd180604e62,CDD,365325.0,370990.0,15,3,2,2024-08-01,2025-10-17 15:42:02.015,2025-11-14T00:05:35.864066+00:00,users,v1.0,Urbain,62,F,TONKPI
d1d23f6c-e83c-4531-89a5-a2bd355581a3,1992-03-13 21:44:34.287,mr.,Divorcé(e),0,9,79 boulevard de la république,côte d'ivoire,KORHOGO,KORHOGO,quartier central,175000.0,dynamic assurance consultant,a12a2d8b-bbfc-4858-b008-1217b97ad68b,CDD,262235.0,238990.0,5,2,4,2024-08-01,2025-10-17 15:42:02.084,2025-11-14T00:05:35.864066+00:00,users,v1.0,Urbain,33,M,PORO
471a66d4-0b42-4d7f-9010-b7732d1c236b,1982-06-24 03:18:22.342,dr.,Veuf(ve),0,8,921 boulevard de marseille,côte d'ivoire,DALOA,DALOA,quartier central,450000.0,product intranet designer,38289188-1c45-4b4d-aa87-80ac9a80e68d,Fonctionnaire,768940.0,764175.0,12,1,6,2024-08-01,2025-10-17 15:42:02.788,2025-11-14T00:05:35.864066+00:00,users,v1.0,Urbain,43,M,HAUT-SASSANDRA
9acd5f20-7975-4430-8986-69cdd594133e,1985-07-09 16:47:13.581,dr.,Veuf(ve),1,2,664 avenue nogués,côte d'ivoire,GAGNOA,GAGNOA,quartier central,250000.0,human solutions coordinator,98372062-a173-42e9-8503-43746f9eef0f,Independant,252000.0,368810.0,24,4,4,2024-08-01,2025-10-17 15:42:02.171,2025-11-14T00:05:35.864066+00:00,users,v1.0,Urbain,40,M,GÔH
67a87e08-6eaf-4fc3-bab1-a09d9236425c,2001-09-01 16:30:25.961,mr.,Divorcé(e),0,1,576 boulevard de marseille,côte d'ivoire,ABIDJAN,TREICHVILLE,treichville centre,865000.0,chief interactions executive,29603e67-5d54-439f-afaf-8348d6eb6b47,CDI,1379505.0,74680.0,32,3,5,2024-08-01,2025-10-17 15:42:02.495,2025-11-14T00:05:35.864066+00:00,users,v1.0,Urbain,24,M,AUTONOME D'ABIDJAN
