CodDistric,NomDistric,ChefLieu_Distr,CodReg,NomReg,ChefLieu_Reg,CodDep,NomDep,CodSp,NomSp,Superfkm_,Type_1,Type_2,Unnamed: 13
4,COMOE,ABENGOUROU,5,INDENIE-DJUABLIN,ABENGOUROU,1,ABENGOUROU,1,ABENGOUROU,785.0,0,Commune,SousPrefecture
8,LACS,DIMBOKRO,11,N'ZI,DIMBOKRO,20,DIMBOKRO,1,ABIGUI,523.0,80,,SousPrefecture
1,AUTONOME D'ABIDJAN,ABIDJAN,1,ABIDJAN,,2,ABIDJAN,1,ABOBO,97.0,30,Commune,
4,COMOE,ABENGOUROU,13,SUD-COMOE,ABOISSO,3,ABOISSO,1,ABOISSO,373.0,20,Commune,SousPrefecture
9,LAGUNES,DABOU,30,LA ME,ADZOPE,52,ALEPE,1,ABOISSO-COMOE,658.0,60,,SousPrefecture
9,LAGUNES,DABOU,30,LA ME,ADZOPE,94,YAKASSE-ATTOBROU,1,ABONGOUA,246.0,80,,SousPrefecture
9,LAGUNES,DABOU,16,AGNEBY-TIASSA,AGBOVILLE,5,AGBOVILLE,1,ABOUDE,232.0,20,,SousPrefecture
4,COMOE,ABENGOUROU,13,SUD-COMOE,ABOISSO,3,ABOISSO,2,ADAOU,573.0,0,,SousPrefecture
4,COMOE,ABENGOUROU,13,SUD-COMOE,ABOISSO,51,ADIAKE,1,ADIAKE,412.0,30,Commune,SousPrefecture
1,AUTONOME D'ABIDJAN,ABIDJAN,1,ABIDJAN,,2,ABIDJAN,2,ADJAME,12.0,10,Commune,
4,COMOE,ABENGOUROU,13,SUD-COMOE,ABOISSO,3,ABOISSO,3,ADJOUAN,263.0,0,,SousPrefecture
9,LAGUNES,DABOU,30,LA ME,ADZOPE,4,ADZOPE,1,ADZOPE,1082.0,40,Commune,SousPrefecture
9,LAGUNES,DABOU,30,LA ME,ADZOPE,60,AKOUPE,1,AFFERY,641.0,10,Commune,SousPrefecture
9,LAGUNES,DABOU,16,AGNEBY-TIASSA,AGBOVILLE,5,AGBOVILLE,3,AGBOVILLE,918.0,0,Commune,SousPrefecture
4,COMOE,ABENGOUROU,5,INDENIE-DJUABLIN,ABENGOUROU,6,AGNIBILEKROU,1,AGNIBILEKROU,466.0,0,Commune,SousPrefecture
9,LAGUNES,DABOU,30,LA ME,ADZOPE,4,ADZOPE,2,AGOU,252.0,40,Commune,SousPrefecture
9,LAGUNES,DABOU,26,GRAND-PONTS,DABOU,25,GRAND-LAHOU,1,AHOUANOU,573.0,30,,SousPrefecture
4,COMOE,ABENGOUROU,5,INDENIE-DJUABLIN,ABENGOUROU,6,AGNIBILEKROU,2,AKOBOISSUE,261.0,0,,SousPrefecture
9,LAGUNES,DABOU,30,LA ME,ADZOPE,60,AKOUPE,2,AKOUPE,568.0,80,Commune,SousPrefecture
8,LACS,DIMBOKRO,29,IFFOU,DAOUKRO,111,OUELLE,1,AKPASSANOU,301.0,30,,SousPrefecture
9,LAGUNES,DABOU,30,LA ME,ADZOPE,52,ALEPE,2,ALEPE,426.0,50,Commune,SousPrefecture
9,LAGUNES,DABOU,30,LA ME,ADZOPE,52,ALEPE,3,ALLOSSO,359.0,50,,SousPrefecture
14,ZANZAN,BONDOUKOU,8,GONTOUGO,BONDOUKOU,43,TANDA,1,AMANVI,134.0,30,,SousPrefecture
4,COMOE,ABENGOUROU,5,INDENIE-DJUABLIN,ABENGOUROU,1,ABENGOUROU,2,AMELEKIA,469.0,10,,SousPrefecture
8,LACS,DIMBOKRO,29,IFFOU,DAOUKRO,111,OUELLE,2,ANANDA,536.0,30,,SousPrefecture
9,LAGUNES,DABOU,16,AGNEBY-TIASSA,AGBOVILLE,5,AGBOVILLE,2,ANANGUIE,260.0,20,,SousPrefecture
8,LACS,DIMBOKRO,33,MORONOU,BONGOUANOU,11,BONGOUANOU,1,ANDE,317.0,0,,SousPrefecture
12,VALLEE DU BANDAMA,BOUAKE,4,GBEKE,BOUAKE,8,BEOUMI,1,ANDO-KEKRENOU,320.0,0,,SousPrefecture
8,LACS,DIMBOKRO,21,BELIER,YAMOUSSOUKRO,47,TOUMODI,1,ANGODA,243.0,50,,SousPrefecture
8,LACS,DIMBOKRO,29,IFFOU,DAOUKRO,64,PRIKRO,1,ANIANOU,246.0,90,,SousPrefecture
4,COMOE,ABENGOUROU,5,INDENIE-DJUABLIN,ABENGOUROU,1,ABENGOUROU,3,ANIASSUE,753.0,0,,SousPrefecture
9,LAGUNES,DABOU,30,LA ME,ADZOPE,4,ADZOPE,3,ANNEPE,167.0,90,,SousPrefecture
8,LACS,DIMBOKRO,33,MORONOU,BONGOUANOU,84,M'BATTO,1,ANOUMABA,366.0,0,Commune,SousPrefecture
1,AUTONOME D'ABIDJAN,ABIDJAN,1,ABIDJAN,,2,ABIDJAN,3,ANYAMA,482.0,10,Commune,SousPrefecture
14,ZANZAN,BONDOUKOU,8,GONTOUGO,BONDOUKOU,10,BONDOUKOU,1,APPIMANDOUM,119.0,60,,SousPrefecture
12,VALLEE DU BANDAMA,BOUAKE,28,HAMBOL,KATIOLA,85,NIAKARAMADOUGOU,1,ARIKOKAHA,820.0,0,,SousPrefecture
8,LACS,DIMBOKRO,33,MORONOU,BONGOUANOU,71,ARRAH,1,ARRAH,620.0,0,Commune,SousPrefecture
8,LACS,DIMBOKRO,33,MORONOU,BONGOUANOU,84,M'BATTO,2,ASSAHARA,204.0,20,,SousPrefecture
8,LACS,DIMBOKRO,33,MORONOU,BONGOUANOU,11,BONGOUANOU,2,ASSIE-KOUMASSI,286.0,0,,SousPrefecture
9,LAGUNES,DABOU,30,LA ME,ADZOPE,4,ADZOPE,4,ASSIKOI,202.0,50,,SousPrefecture
4,COMOE,ABENGOUROU,13,SUD-COMOE,ABOISSO,51,ADIAKE,2,ASSINIE,216.0,30,Commune,SousPrefecture
14,ZANZAN,BONDOUKOU,8,GONTOUGO,BONDOUKOU,93,TRANSUA,1,ASSUEFRY,425.0,70,Commune,SousPrefecture
1,AUTONOME D'ABIDJAN,ABIDJAN,1,ABIDJAN,,2,ABIDJAN,4,ATTECOUBE,68.0,40,Commune,
2,AUTONOME DE YAMOUSSOUKRO,YAMOUSSOUKRO,7,YAMOUSSOUKRO,,72,ATTIEGOUAKRO,1,ATTIEGOUAKRO,308.0,10,Commune,SousPrefecture
9,LAGUNES,DABOU,16,AGNEBY-TIASSA,AGBOVILLE,5,AGBOVILLE,4,ATTOBROU,433.0,0,,SousPrefecture
9,LAGUNES,DABOU,26,GRAND-PONTS,DABOU,56,JACQUEVILLE,1,ATTOUTOU A,420.0,30,,SousPrefecture
4,COMOE,ABENGOUROU,13,SUD-COMOE,ABOISSO,3,ABOISSO,4,AYAME,441.0,30,Commune,SousPrefecture
12,VALLEE DU BANDAMA,BOUAKE,4,GBEKE,BOUAKE,36,SAKASSOU,1,AYAOU-SOKPA,234.0,10,,SousPrefecture
9,LAGUNES,DABOU,16,AGNEBY-TIASSA,AGBOVILLE,5,AGBOVILLE,5,AZAGUIE,326.0,60,Commune,SousPrefecture
9,LAGUNES,DABOU,26,GRAND-PONTS,DABOU,25,GRAND-LAHOU,2,BACANDA,378.0,90,,SousPrefecture
12,VALLEE DU BANDAMA,BOUAKE,28,HAMBOL,KATIOLA,85,NIAKARAMADOUGOU,2,BADIKAHA,650.0,10,,SousPrefecture
10,MONTAGNES,MAN,27,GUEMON,DUEKOUE,22,DUEKOUE,1,BAGOHOUO,470.0,60,,SousPrefecture
11,SAVANES,KORHOGO,3,PORO,KORHOGO,90,SINEMATIALI,1,BAHOUAKAHA,37.0,20,,SousPrefecture
5,DENGUELE,ODIENNE,10,KABADOUGOU,ODIENNE,34,ODIENNE,1,BAKO,1964.0,60,Commune,SousPrefecture
10,MONTAGNES,MAN,18,CAVALLY,GUIGLO,58,TOULEPLEU,1,BAKOUBLY,85.0,30,,SousPrefecture
14,ZANZAN,BONDOUKOU,8,GONTOUGO,BONDOUKOU,89,SANDEGUE,1,BANDAKAGNI-TOMORA,286.0,50,,SousPrefecture
10,MONTAGNES,MAN,27,GUEMON,DUEKOUE,7,BANGOLO,1,BANGOLO,368.0,40,Commune,SousPrefecture
10,MONTAGNES,MAN,6,TONKPI,MAN,66,ZOUAN-HOUNIEN,1,BANNEU,105.0,60,,SousPrefecture
12,VALLEE DU BANDAMA,BOUAKE,28,HAMBOL,KATIOLA,16,DABAKALA,1,BASSAWA,1069.0,30,Commune,SousPrefecture
11,SAVANES,KORHOGO,20,BAGOUE,BOUNDIALI,15,BOUNDIALI,1,BAYA,345.0,80,,SousPrefecture
6,G�H-DJIBOUA,GAGNOA,17,GÔH,GAGNOA,24,GAGNOA,1,BAYOTA,531.0,50,,SousPrefecture
7,SASSANDRA-MARAHOUE,DALOA,2,HAUT-SASSANDRA,DALOA,48,VAVOUA,1,BAZRA-NATTIS,969.0,30,,SousPrefecture
7,SASSANDRA-MARAHOUE,DALOA,12,MARAHOUE,BOUAFLE,40,SINFRA,1,BAZRE,266.0,60,,SousPrefecture
9,LAGUNES,DABOU,30,LA ME,ADZOPE,4,ADZOPE,5,BECEDI-BRIGNAN,160.0,40,,SousPrefecture
9,LAGUNES,DABOU,30,LA ME,ADZOPE,60,AKOUPE,3,BECOUEFIN,519.0,60,,SousPrefecture
7,SASSANDRA-MARAHOUE,DALOA,2,HAUT-SASSANDRA,DALOA,17,DALOA,1,BEDIALA,990.0,40,Commune,SousPrefecture
10,MONTAGNES,MAN,18,CAVALLY,GUIGLO,26,GUIGLO,1,BEDY-GOAZON,621.0,60,,SousPrefecture
7,SASSANDRA-MARAHOUE,DALOA,12,MARAHOUE,BOUAFLE,12,BOUAFLE,1,BEGBESSOU,304.0,20,,SousPrefecture
8,LACS,DIMBOKRO,11,N'ZI,DIMBOKRO,53,BOCANDA,1,BENGASSOU,294.0,20,,SousPrefecture
10,MONTAGNES,MAN,27,GUEMON,DUEKOUE,7,BANGOLO,2,BEOUE-ZIBIAO,151.0,60,,SousPrefecture
12,VALLEE DU BANDAMA,BOUAKE,4,GBEKE,BOUAKE,8,BEOUMI,2,BEOUMI,856.0,80,Commune,SousPrefecture
4,COMOE,ABENGOUROU,5,INDENIE-DJUABLIN,ABENGOUROU,73,BETTIE,1,BETTIE,628.0,30,Commune,SousPrefecture
10,MONTAGNES,MAN,6,TONKPI,MAN,9,BIANKOUMA,1,BIANKOUMA,655.0,50,Commune,SousPrefecture
4,COMOE,ABENGOUROU,13,SUD-COMOE,ABOISSO,3,ABOISSO,5,BIANOUAN,745.0,0,,SousPrefecture
9,LAGUNES,DABOU,30,LA ME,ADZOPE,94,YAKASSE-ATTOBROU,2,BIEBY,750.0,70,,SousPrefecture
11,SAVANES,KORHOGO,32,TCHOLOGO,FERKESSEDOUGOU,101,KONG,1,BILIMONO,3236.0,60,,SousPrefecture
1,AUTONOME D'ABIDJAN,ABIDJAN,1,ABIDJAN,,2,ABIDJAN,5,BINGERVILLE,242.0,10,Commune,SousPrefecture
10,MONTAGNES,MAN,6,TONKPI,MAN,66,ZOUAN-HOUNIEN,2,BIN-HOUYE,255.0,0,Commune,SousPrefecture
10,MONTAGNES,MAN,6,TONKPI,MAN,9,BIANKOUMA,2,BLAPLEU,189.0,80,,SousPrefecture
10,MONTAGNES,MAN,27,GUEMON,DUEKOUE,7,BANGOLO,3,BLENIMEOUIN,152.0,0,,SousPrefecture
11,SAVANES,KORHOGO,20,BAGOUE,BOUNDIALI,83,KOUTO,1,BLESSEGUE,440.0,10,,SousPrefecture
10,MONTAGNES,MAN,18,CAVALLY,GUIGLO,59,BLOLEQUIN,1,BLOLEQUIN,1372.0,50,Commune,SousPrefecture
14,ZANZAN,BONDOUKOU,8,GONTOUGO,BONDOUKOU,70,KOUN-FAO,1,BOAHIA,512.0,60,,SousPrefecture
13,WOROBA,SEGUELA,14,WORODOUGOU,SEGUELA,39,SEGUELA,1,BOBI,448.0,0,,SousPrefecture
8,LACS,DIMBOKRO,11,N'ZI,DIMBOKRO,53,BOCANDA,2,BOCANDA,1360.0,70,Commune,SousPrefecture
12,VALLEE DU BANDAMA,BOUAKE,4,GBEKE,BOUAKE,8,BEOUMI,3,BODOKRO,444.0,30,Commune,SousPrefecture
14,ZANZAN,BONDOUKOU,23,BOUNKANI,BOUNA,63,NASSIAN,1,BOGOFA,208.0,70,,SousPrefecture
10,MONTAGNES,MAN,6,TONKPI,MAN,31,MAN,1,BOGOUINE,206.0,50,,SousPrefecture
7,SASSANDRA-MARAHOUE,DALOA,2,HAUT-SASSANDRA,DALOA,27,ISSIA,1,BOGUEDIA,217.0,60,,SousPrefecture
8,LACS,DIMBOKRO,21,BELIER,YAMOUSSOUKRO,61,DIDIEVI,1,BOLI,293.0,80,,SousPrefecture
14,ZANZAN,BONDOUKOU,8,GONTOUGO,BONDOUKOU,10,BONDOUKOU,3,BONDO,830.0,70,,SousPrefecture
14,ZANZAN,BONDOUKOU,8,GONTOUGO,BONDOUKOU,10,BONDOUKOU,4,BONDOUKOU,703.0,90,Commune,SousPrefecture
4,COMOE,ABENGOUROU,13,SUD-COMOE,ABOISSO,55,GRAND-BASSAM,1,BONGO,313.0,0,,SousPrefecture
8,LACS,DIMBOKRO,33,MORONOU,BONGOUANOU,11,BONGOUANOU,3,BONGOUANOU,619.0,20,Commune,SousPrefecture
8,LACS,DIMBOKRO,29,IFFOU,DAOUKRO,33,M'BAHIAKRO,1,BONGUERA,447.0,60,,SousPrefecture
12,VALLEE DU BANDAMA,BOUAKE,28,HAMBOL,KATIOLA,16,DABAKALA,2,BONIEREDOUGOU,755.0,10,Commune,SousPrefecture
8,LACS,DIMBOKRO,21,BELIER,YAMOUSSOUKRO,98,DJEKANOU,1,BONIKRO,216.0,40,,SousPrefecture
7,SASSANDRA-MARAHOUE,DALOA,12,MARAHOUE,BOUAFLE,109,BONON,1,BONON,774.0,40,Commune,SousPrefecture
4,COMOE,ABENGOUROU,13,SUD-COMOE,ABOISSO,55,GRAND-BASSAM,2,BONOUA,484.0,0,Commune,SousPrefecture
13,WOROBA,SEGUELA,19,BAFING,TOUBA,82,KORO,1,BOOKO,893.0,20,Commune,SousPrefecture
11,SAVANES,KORHOGO,3,PORO,KORHOGO,75,DIKODOUGOU,1,BORON,735.0,10,,SousPrefecture
13,WOROBA,SEGUELA,19,BAFING,TOUBA,82,KORO,2,BOROTOU,477.0,10,Commune,SousPrefecture
12,VALLEE DU BANDAMA,BOUAKE,4,GBEKE,BOUAKE,74,BOTRO,1,BOTRO,311.0,0,Commune,SousPrefecture
7,SASSANDRA-MARAHOUE,DALOA,12,MARAHOUE,BOUAFLE,12,BOUAFLE,3,BOUAFLE,1210.0,20,Commune,SousPrefecture
12,VALLEE DU BANDAMA,BOUAKE,4,GBEKE,BOUAKE,13,BOUAKE,1,BOUAKE,1848.0,90,Commune,SousPrefecture
13,WOROBA,SEGUELA,22,BERE,MANKONO,32,MANKONO,1,BOUANDOUGOU,1384.0,30,,SousPrefecture
11,SAVANES,KORHOGO,3,PORO,KORHOGO,103,M'BENGUE,1,BOUGOU,409.0,80,,SousPrefecture
5,DENGUELE,ODIENNE,10,KABADOUGOU,ODIENNE,34,ODIENNE,2,BOUGOUSSO,529.0,80,,SousPrefecture
14,ZANZAN,BONDOUKOU,23,BOUNKANI,BOUNA,14,BOUNA,1,BOUKO,713.0,80,,SousPrefecture
14,ZANZAN,BONDOUKOU,23,BOUNKANI,BOUNA,14,BOUNA,2,BOUNA,8200.0,30,Commune,SousPrefecture
12,VALLEE DU BANDAMA,BOUAKE,4,GBEKE,BOUAKE,13,BOUAKE,2,BOUNDA,450.0,80,,SousPrefecture
11,SAVANES,KORHOGO,20,BAGOUE,BOUNDIALI,15,BOUNDIALI,2,BOUNDIALI,1725.0,90,Commune,SousPrefecture
12,VALLEE DU BANDAMA,BOUAKE,4,GBEKE,BOUAKE,13,BOUAKE,3,BROBO,133.0,70,Commune,SousPrefecture
1,AUTONOME D'ABIDJAN,ABIDJAN,1,ABIDJAN,,2,ABIDJAN,6,BROFODOUME,227.0,0,,SousPrefecture
3,BAS-SASSANDRA,SAN-PEDRO,31,NAWA,SOUBRE,96,BUYO,1,BUYO,1027.0,50,Commune,SousPrefecture
9,LAGUNES,DABOU,16,AGNEBY-TIASSA,AGBOVILLE,5,AGBOVILLE,6,CECHI,245.0,60,,SousPrefecture
6,G�H-DJIBOUA,GAGNOA,15,LÔH-DJIBOUA,DIVO,21,DIVO,1,CHIEPO,486.0,20,,SousPrefecture
1,AUTONOME D'ABIDJAN,ABIDJAN,1,ABIDJAN,,2,ABIDJAN,7,COCODY,119.0,70,Commune,
12,VALLEE DU BANDAMA,BOUAKE,28,HAMBOL,KATIOLA,16,DABAKALA,3,DABAKALA,1862.0,80,Commune,SousPrefecture
9,LAGUNES,DABOU,26,GRAND-PONTS,DABOU,54,DABOU,1,DABOU,529.0,30,Commune,SousPrefecture
3,BAS-SASSANDRA,SAN-PEDRO,31,NAWA,SOUBRE,78,GUEYO,1,DABOUYO,425.0,50,,SousPrefecture
6,G�H-DJIBOUA,GAGNOA,17,GÔH,GAGNOA,24,GAGNOA,2,DAHIEPA-KEHI,245.0,50,,SousPrefecture
3,BAS-SASSANDRA,SAN-PEDRO,25,GBOKLE,SASSANDRA,77,FRESCO,1,DAHIRI,859.0,80,,SousPrefecture
6,G�H-DJIBOUA,GAGNOA,15,LÔH-DJIBOUA,DIVO,79,GUITRY,1,DAIRO-DIDIZO,653.0,80,,SousPrefecture
3,BAS-SASSANDRA,SAN-PEDRO,25,GBOKLE,SASSANDRA,38,SASSANDRA,1,DAKPADOU,742.0,90,,SousPrefecture
10,MONTAGNES,MAN,6,TONKPI,MAN,18,DANANE,1,DALEU,847.0,90,,SousPrefecture
7,SASSANDRA-MARAHOUE,DALOA,2,HAUT-SASSANDRA,DALOA,17,DALOA,2,DALOA,942.0,10,Commune,SousPrefecture
4,COMOE,ABENGOUROU,5,INDENIE-DJUABLIN,ABENGOUROU,6,AGNIBILEKROU,3,DAME,153.0,0,,SousPrefecture
10,MONTAGNES,MAN,6,TONKPI,MAN,18,DANANE,2,DANANE,637.0,90,Commune,SousPrefecture
7,SASSANDRA-MARAHOUE,DALOA,2,HAUT-SASSANDRA,DALOA,48,VAVOUA,2,DANANON,927.0,50,,SousPrefecture
9,LAGUNES,DABOU,30,LA ME,ADZOPE,52,ALEPE,4,DANGUIRA,1145.0,70,,SousPrefecture
7,SASSANDRA-MARAHOUE,DALOA,2,HAUT-SASSANDRA,DALOA,48,VAVOUA,3,DANIA,1348.0,10,,SousPrefecture
14,ZANZAN,BONDOUKOU,23,BOUNKANI,BOUNA,76,DOROPO,1,DANOA,337.0,0,,SousPrefecture
8,LACS,DIMBOKRO,29,IFFOU,DAOUKRO,19,DAOUKRO,3,DAOUKRO,879.0,20,Commune,SousPrefecture
3,BAS-SASSANDRA,SAN-PEDRO,31,NAWA,SOUBRE,96,BUYO,2,DAPEOUA,1130.0,0,,SousPrefecture
3,BAS-SASSANDRA,SAN-PEDRO,9,SAN-PEDRO,SAN-PEDRO,42,TABOU,1,DAPO-IBOKE,267.0,50,,SousPrefecture
11,SAVANES,KORHOGO,3,PORO,KORHOGO,29,KORHOGO,1,DASSOUNGBOHO,122.0,10,,SousPrefecture
11,SAVANES,KORHOGO,20,BAGOUE,BOUNDIALI,44,TENGRELA,1,DEBETE,282.0,90,,SousPrefecture
12,VALLEE DU BANDAMA,BOUAKE,4,GBEKE,BOUAKE,74,BOTRO,2,DIABO,296.0,0,Commune,SousPrefecture
4,COMOE,ABENGOUROU,5,INDENIE-DJUABLIN,ABENGOUROU,73,BETTIE,2,DIAMARAKRO,408.0,20,,SousPrefecture
14,ZANZAN,BONDOUKOU,8,GONTOUGO,BONDOUKOU,43,TANDA,2,DIAMBA,374.0,0,,SousPrefecture
13,WOROBA,SEGUELA,22,BERE,MANKONO,97,DIANRA,1,DIANRA,1629.0,40,Commune,SousPrefecture
13,WOROBA,SEGUELA,22,BERE,MANKONO,97,DIANRA,2,DIANRA VILLAGE,1493.0,50,,SousPrefecture
13,WOROBA,SEGUELA,14,WORODOUGOU,SEGUELA,39,SEGUELA,2,DIARABANA,665.0,0,,SousPrefecture
11,SAVANES,KORHOGO,32,TCHOLOGO,FERKESSEDOUGOU,86,OUANGOLODOUGOU,1,DIAWALA,1957.0,20,Commune,SousPrefecture
10,MONTAGNES,MAN,18,CAVALLY,GUIGLO,59,BLOLEQUIN,2,DIBOKE,403.0,50,,SousPrefecture
12,VALLEE DU BANDAMA,BOUAKE,4,GBEKE,BOUAKE,36,SAKASSOU,2,DIBRI-ASRIKRO,245.0,0,,SousPrefecture
8,LACS,DIMBOKRO,21,BELIER,YAMOUSSOUKRO,61,DIDIEVI,2,DIDIEVI,479.0,0,Commune,SousPrefecture
6,G�H-DJIBOUA,GAGNOA,15,LÔH-DJIBOUA,DIVO,21,DIVO,2,DIDOKO,338.0,80,,SousPrefecture
6,G�H-DJIBOUA,GAGNOA,17,GÔH,GAGNOA,35,OUME,1,DIEGONEFLA,515.0,20,Commune,SousPrefecture
10,MONTAGNES,MAN,27,GUEMON,DUEKOUE,7,BANGOLO,4,DIEOUZON,274.0,60,,SousPrefecture
6,G�H-DJIBOUA,GAGNOA,17,GÔH,GAGNOA,24,GAGNOA,3,DIGNAGO,378.0,50,,SousPrefecture
11,SAVANES,KORHOGO,3,PORO,KORHOGO,75,DIKODOUGOU,2,DIKODOUGOU,1321.0,0,Commune,SousPrefecture
14,ZANZAN,BONDOUKOU,8,GONTOUGO,BONDOUKOU,89,SANDEGUE,2,DIMANDOUGOU,593.0,30,,SousPrefecture
8,LACS,DIMBOKRO,11,N'ZI,DIMBOKRO,20,DIMBOKRO,3,DIMBOKRO,387.0,80,Commune,SousPrefecture
13,WOROBA,SEGUELA,19,BAFING,TOUBA,46,TOUBA,1,DIOMAN,279.0,30,,SousPrefecture
5,DENGUELE,ODIENNE,10,KABADOUGOU,ODIENNE,34,ODIENNE,3,DIOULATIEDOUGOU,1612.0,20,Commune,SousPrefecture
6,G�H-DJIBOUA,GAGNOA,15,LÔH-DJIBOUA,DIVO,21,DIVO,3,DIVO,961.0,60,Commune,SousPrefecture
3,BAS-SASSANDRA,SAN-PEDRO,9,SAN-PEDRO,SAN-PEDRO,42,TABOU,2,DJAMANDIOKE,433.0,40,,SousPrefecture
8,LACS,DIMBOKRO,11,N'ZI,DIMBOKRO,20,DIMBOKRO,2,DJANGOKRO,258.0,40,,SousPrefecture
12,VALLEE DU BANDAMA,BOUAKE,4,GBEKE,BOUAKE,13,BOUAKE,4,DJEBONOUA,321.0,10,Commune,SousPrefecture
8,LACS,DIMBOKRO,21,BELIER,YAMOUSSOUKRO,98,DJEKANOU,2,DJEKANOU,178.0,60,Commune,SousPrefecture
13,WOROBA,SEGUELA,14,WORODOUGOU,SEGUELA,80,KANI,1,DJIBROSSO,1785.0,10,Commune,SousPrefecture
6,G�H-DJIBOUA,GAGNOA,15,LÔH-DJIBOUA,DIVO,30,LAKOTA,1,DJIDJI,131.0,20,,SousPrefecture
3,BAS-SASSANDRA,SAN-PEDRO,9,SAN-PEDRO,SAN-PEDRO,42,TABOU,3,DJOUROUTOU,2733.0,70,,SousPrefecture
3,BAS-SASSANDRA,SAN-PEDRO,9,SAN-PEDRO,SAN-PEDRO,37,SAN-PEDRO,1,DOBA,1693.0,20,,SousPrefecture
3,BAS-SASSANDRA,SAN-PEDRO,9,SAN-PEDRO,SAN-PEDRO,37,SAN-PEDRO,2,DOGBO,1103.0,70,,SousPrefecture
10,MONTAGNES,MAN,18,CAVALLY,GUIGLO,59,BLOLEQUIN,3,DOKE,303.0,10,,SousPrefecture
7,SASSANDRA-MARAHOUE,DALOA,2,HAUT-SASSANDRA,DALOA,95,ZOUKOUGBEU,1,DOMANGBEU,590.0,60,,SousPrefecture
14,ZANZAN,BONDOUKOU,23,BOUNKANI,BOUNA,76,DOROPO,2,DOROPO,853.0,30,Commune,SousPrefecture
6,G�H-DJIBOUA,GAGNOA,17,GÔH,GAGNOA,24,GAGNOA,4,DOUGROUPALEGNOA,270.0,30,,SousPrefecture
6,G�H-DJIBOUA,GAGNOA,17,GÔH,GAGNOA,24,GAGNOA,5,DOUKOUYO,277.0,80,,SousPrefecture
13,WOROBA,SEGUELA,14,WORODOUGOU,SEGUELA,39,SEGUELA,3,DUALLA,369.0,10,Commune,SousPrefecture
10,MONTAGNES,MAN,27,GUEMON,DUEKOUE,22,DUEKOUE,2,DUEKOUE,1020.0,50,Commune,SousPrefecture
4,COMOE,ABENGOUROU,5,INDENIE-DJUABLIN,ABENGOUROU,6,AGNIBILEKROU,4,DUFFREBO,664.0,10,,SousPrefecture
4,COMOE,ABENGOUROU,5,INDENIE-DJUABLIN,ABENGOUROU,1,ABENGOUROU,4,EBILASSOKRO,256.0,0,,SousPrefecture
9,LAGUNES,DABOU,26,GRAND-PONTS,DABOU,25,GRAND-LAHOU,3,EBONOU,326.0,20,,SousPrefecture
8,LACS,DIMBOKRO,29,IFFOU,DAOUKRO,19,DAOUKRO,4,ETTROKRO,718.0,10,Commune,SousPrefecture
4,COMOE,ABENGOUROU,13,SUD-COMOE,ABOISSO,51,ADIAKE,3,ETUEBOUE,226.0,0,,SousPrefecture
10,MONTAGNES,MAN,27,GUEMON,DUEKOUE,99,FACOBLY,1,FACOBLY,151.0,80,Commune,SousPrefecture
13,WOROBA,SEGUELA,14,WORODOUGOU,SEGUELA,80,KANI,2,FADIADOUGOU,1106.0,60,,SousPrefecture
10,MONTAGNES,MAN,6,TONKPI,MAN,31,MAN,2,FAGNAMPLEU,50.0,20,,SousPrefecture
8,LACS,DIMBOKRO,29,IFFOU,DAOUKRO,64,PRIKRO,2,FAMIENKRO,455.0,90,,SousPrefecture
5,DENGUELE,ODIENNE,10,KABADOUGOU,ODIENNE,67,MADINANI,1,FENGOLO,825.0,70,,SousPrefecture
11,SAVANES,KORHOGO,32,TCHOLOGO,FERKESSEDOUGOU,23,FERKESSEDOUGOU,1,FERKESSEDOUGOU,2127.0,0,Commune,SousPrefecture
12,VALLEE DU BANDAMA,BOUAKE,28,HAMBOL,KATIOLA,16,DABAKALA,4,FOUMBOLO,2602.0,70,Commune,SousPrefecture
13,WOROBA,SEGUELA,19,BAFING,TOUBA,46,TOUBA,2,FOUNGBESSO,756.0,70,,SousPrefecture
3,BAS-SASSANDRA,SAN-PEDRO,25,GBOKLE,SASSANDRA,77,FRESCO,2,FRESCO,582.0,20,Commune,SousPrefecture
12,VALLEE DU BANDAMA,BOUAKE,28,HAMBOL,KATIOLA,28,KATIOLA,1,FRONAN,1437.0,10,Commune,SousPrefecture
3,BAS-SASSANDRA,SAN-PEDRO,9,SAN-PEDRO,SAN-PEDRO,37,SAN-PEDRO,3,GABIADJI,1341.0,60,,SousPrefecture
7,SASSANDRA-MARAHOUE,DALOA,2,HAUT-SASSANDRA,DALOA,17,DALOA,3,GADOUAN,602.0,10,,SousPrefecture
6,G�H-DJIBOUA,GAGNOA,17,GÔH,GAGNOA,24,GAGNOA,6,GAGNOA,905.0,60,Commune,SousPrefecture
6,G�H-DJIBOUA,GAGNOA,15,LÔH-DJIBOUA,DIVO,30,LAKOTA,2,GAGORE,177.0,10,,SousPrefecture
6,G�H-DJIBOUA,GAGNOA,17,GÔH,GAGNOA,24,GAGNOA,7,GALEBRE,378.0,40,,SousPrefecture
11,SAVANES,KORHOGO,20,BAGOUE,BOUNDIALI,15,BOUNDIALI,3,GANAONI,995.0,40,,SousPrefecture
3,BAS-SASSANDRA,SAN-PEDRO,25,GBOKLE,SASSANDRA,77,FRESCO,3,GBAGBAM,577.0,50,,SousPrefecture
10,MONTAGNES,MAN,6,TONKPI,MAN,9,BIANKOUMA,3,GBANGBEGOUINE,74.0,40,,SousPrefecture
10,MONTAGNES,MAN,6,TONKPI,MAN,31,MAN,3,GBANGBEGOUINE-YATI,124.0,30,,SousPrefecture
10,MONTAGNES,MAN,27,GUEMON,DUEKOUE,22,DUEKOUE,3,GBAPLEU,521.0,80,,SousPrefecture
5,DENGUELE,ODIENNE,10,KABADOUGOU,ODIENNE,100,GBELEBAN,1,GBELEBAN,240.0,20,Commune,SousPrefecture
13,WOROBA,SEGUELA,19,BAFING,TOUBA,87,OUANINOU,1,GBELO,205.0,60,,SousPrefecture
7,SASSANDRA-MARAHOUE,DALOA,2,HAUT-SASSANDRA,DALOA,17,DALOA,4,GBOGUHE,769.0,80,Commune,SousPrefecture
9,LAGUNES,DABOU,16,AGNEBY-TIASSA,AGBOVILLE,45,TIASSALE,1,GBOLOUVILLE,451.0,60,,SousPrefecture
11,SAVANES,KORHOGO,20,BAGOUE,BOUNDIALI,83,KOUTO,2,GBON,589.0,50,Commune,SousPrefecture
5,DENGUELE,ODIENNE,10,KABADOUGOU,ODIENNE,105,SEGUELON,1,GBONGAHA,780.0,0,,SousPrefecture
10,MONTAGNES,MAN,6,TONKPI,MAN,18,DANANE,3,GBON-HOUYE,282.0,30,,SousPrefecture
10,MONTAGNES,MAN,6,TONKPI,MAN,9,BIANKOUMA,4,GBONNE,985.0,10,Commune,SousPrefecture
6,G�H-DJIBOUA,GAGNOA,17,GÔH,GAGNOA,24,GAGNOA,8,GNAGBODOUGNOA,138.0,20,,SousPrefecture
3,BAS-SASSANDRA,SAN-PEDRO,31,NAWA,SOUBRE,104,MEAGUI,1,GNAMANGUI,2100.0,30,,SousPrefecture
14,ZANZAN,BONDOUKOU,23,BOUNKANI,BOUNA,91,TEHINI,1,GOGO,648.0,0,,SousPrefecture
7,SASSANDRA-MARAHOUE,DALOA,12,MARAHOUE,BOUAFLE,110,GOHITAFLA,1,GOHITAFLA,328.0,80,Commune,SousPrefecture
10,MONTAGNES,MAN,27,GUEMON,DUEKOUE,7,BANGOLO,5,GOHOUO-ZAGNA,92.0,50,,SousPrefecture
9,LAGUNES,DABOU,16,AGNEBY-TIASSA,AGBOVILLE,65,SIKENSI,1,GOMON,230.0,30,,SousPrefecture
7,SASSANDRA-MARAHOUE,DALOA,2,HAUT-SASSANDRA,DALOA,17,DALOA,5,GONATE,263.0,40,,SousPrefecture
6,G�H-DJIBOUA,GAGNOA,15,LÔH-DJIBOUA,DIVO,30,LAKOTA,3,GOUDOUKO,421.0,0,,SousPrefecture
13,WOROBA,SEGUELA,19,BAFING,TOUBA,87,OUANINOU,2,GOUEKAN,213.0,0,,SousPrefecture
10,MONTAGNES,MAN,6,TONKPI,MAN,9,BIANKOUMA,5,GOUINE,1289.0,50,,SousPrefecture
10,MONTAGNES,MAN,6,TONKPI,MAN,66,ZOUAN-HOUNIEN,3,GOULALEU,228.0,60,,SousPrefecture
5,DENGUELE,ODIENNE,24,FOLON,MINIGNAN,81,KANIASSO,1,GOULIA,1840.0,50,Commune,SousPrefecture
14,ZANZAN,BONDOUKOU,8,GONTOUGO,BONDOUKOU,10,BONDOUKOU,5,GOUMERE,307.0,80,,SousPrefecture
3,BAS-SASSANDRA,SAN-PEDRO,9,SAN-PEDRO,SAN-PEDRO,42,TABOU,4,GRABO,1150.0,60,Commune,SousPrefecture
4,COMOE,ABENGOUROU,13,SUD-COMOE,ABOISSO,55,GRAND-BASSAM,3,GRAND-BASSAM,126.0,60,Commune,SousPrefecture
3,BAS-SASSANDRA,SAN-PEDRO,9,SAN-PEDRO,SAN-PEDRO,37,SAN-PEDRO,4,GRAND-BEREBY,1719.0,0,Commune,SousPrefecture
9,LAGUNES,DABOU,26,GRAND-PONTS,DABOU,25,GRAND-LAHOU,4,GRAND-LAHOU,979.0,80,Commune,SousPrefecture
9,LAGUNES,DABOU,16,AGNEBY-TIASSA,AGBOVILLE,5,AGBOVILLE,7,GRAND-MORIE,180.0,60,,SousPrefecture
3,BAS-SASSANDRA,SAN-PEDRO,31,NAWA,SOUBRE,41,SOUBRE,1,GRAND-ZATTRY,997.0,40,Commune,SousPrefecture
7,SASSANDRA-MARAHOUE,DALOA,2,HAUT-SASSANDRA,DALOA,95,ZOUKOUGBEU,2,GREGBEU,522.0,50,,SousPrefecture
3,BAS-SASSANDRA,SAN-PEDRO,25,GBOKLE,SASSANDRA,38,SASSANDRA,2,GRIHIRI,770.0,10,,SousPrefecture
10,MONTAGNES,MAN,27,GUEMON,DUEKOUE,22,DUEKOUE,4,GUEHIEBLY,277.0,0,,SousPrefecture
6,G�H-DJIBOUA,GAGNOA,17,GÔH,GAGNOA,35,OUME,2,GUEPAHOUO,179.0,10,,SousPrefecture
7,SASSANDRA-MARAHOUE,DALOA,2,HAUT-SASSANDRA,DALOA,95,ZOUKOUGBEU,3,GUESSABO,291.0,20,,SousPrefecture
9,LAGUNES,DABOU,16,AGNEBY-TIASSA,AGBOVILLE,5,AGBOVILLE,8,GUESSIGUIE,425.0,20,,SousPrefecture
3,BAS-SASSANDRA,SAN-PEDRO,31,NAWA,SOUBRE,78,GUEYO,2,GUEYO,320.0,80,Commune,SousPrefecture
10,MONTAGNES,MAN,27,GUEMON,DUEKOUE,22,DUEKOUE,5,GUEZON,738.0,70,,SousPrefecture
10,MONTAGNES,MAN,27,GUEMON,DUEKOUE,99,FACOBLY,2,GUEZON,184.0,50,,SousPrefecture
6,G�H-DJIBOUA,GAGNOA,17,GÔH,GAGNOA,24,GAGNOA,9,GUIBEROUA,592.0,20,Commune,SousPrefecture
11,SAVANES,KORHOGO,3,PORO,KORHOGO,75,DIKODOUGOU,3,GUIEMBE,416.0,20,Commune,SousPrefecture
10,MONTAGNES,MAN,18,CAVALLY,GUIGLO,26,GUIGLO,2,GUIGLO,1936.0,50,Commune,SousPrefecture
10,MONTAGNES,MAN,27,GUEMON,DUEKOUE,7,BANGOLO,6,GUINGLO-TAHOUAKE,337.0,0,,SousPrefecture
13,WOROBA,SEGUELA,19,BAFING,TOUBA,46,TOUBA,3,GUINTEGUELA,1365.0,30,Commune,SousPrefecture
6,G�H-DJIBOUA,GAGNOA,15,LÔH-DJIBOUA,DIVO,79,GUITRY,2,GUITRY,839.0,90,Commune,SousPrefecture
6,G�H-DJIBOUA,GAGNOA,15,LÔH-DJIBOUA,DIVO,21,DIVO,4,HIRE,395.0,60,Commune,SousPrefecture
7,SASSANDRA-MARAHOUE,DALOA,2,HAUT-SASSANDRA,DALOA,27,ISSIA,2,IBOGUHE,745.0,80,,SousPrefecture
7,SASSANDRA-MARAHOUE,DALOA,12,MARAHOUE,BOUAFLE,110,GOHITAFLA,2,IRIEFLA,113.0,0,,SousPrefecture
7,SASSANDRA-MARAHOUE,DALOA,2,HAUT-SASSANDRA,DALOA,27,ISSIA,3,ISSIA,559.0,0,Commune,SousPrefecture
9,LAGUNES,DABOU,26,GRAND-PONTS,DABOU,56,JACQUEVILLE,2,JACQUEVILLE,279.0,50,Commune,SousPrefecture
10,MONTAGNES,MAN,18,CAVALLY,GUIGLO,26,GUIGLO,3,KAADE,329.0,10,,SousPrefecture
11,SAVANES,KORHOGO,3,PORO,KORHOGO,90,SINEMATIALI,2,KAGBOLODOUGOU,82.0,80,,SousPrefecture
10,MONTAGNES,MAN,27,GUEMON,DUEKOUE,7,BANGOLO,7,KAHIN-ZARABAON,308.0,50,,SousPrefecture
14,ZANZAN,BONDOUKOU,23,BOUNKANI,BOUNA,63,NASSIAN,3,KAKPIN,390.0,0,,SousPrefecture
14,ZANZAN,BONDOUKOU,23,BOUNKANI,BOUNA,76,DOROPO,3,KALAMON,331.0,80,,SousPrefecture
13,WOROBA,SEGUELA,14,WORODOUGOU,SEGUELA,39,SEGUELA,4,KAMALO,422.0,20,,SousPrefecture
11,SAVANES,KORHOGO,20,BAGOUE,BOUNDIALI,44,TENGRELA,2,KANAKONO,516.0,20,Commune,SousPrefecture
13,WOROBA,SEGUELA,14,WORODOUGOU,SEGUELA,80,KANI,3,KANI,1340.0,30,Commune,SousPrefecture
5,DENGUELE,ODIENNE,24,FOLON,MINIGNAN,81,KANIASSO,2,KANIASSO,664.0,40,Commune,SousPrefecture
11,SAVANES,KORHOGO,3,PORO,KORHOGO,29,KORHOGO,2,KANOROBA,933.0,10,,SousPrefecture
7,SASSANDRA-MARAHOUE,DALOA,12,MARAHOUE,BOUAFLE,50,ZUENOULA,3,KANZRA,512.0,20,,SousPrefecture
11,SAVANES,KORHOGO,32,TCHOLOGO,FERKESSEDOUGOU,86,OUANGOLODOUGOU,2,KAOUARA,671.0,60,,SousPrefecture
11,SAVANES,KORHOGO,3,PORO,KORHOGO,29,KORHOGO,3,KARAKORO,224.0,0,Commune,SousPrefecture
11,SAVANES,KORHOGO,20,BAGOUE,BOUNDIALI,15,BOUNDIALI,4,KASSERE,657.0,0,Commune,SousPrefecture
11,SAVANES,KORHOGO,3,PORO,KORHOGO,103,M'BENGUE,2,KATIALI,197.0,80,,SousPrefecture
12,VALLEE DU BANDAMA,BOUAKE,28,HAMBOL,KATIOLA,28,KATIOLA,2,KATIOLA,689.0,40,Commune,SousPrefecture
11,SAVANES,KORHOGO,3,PORO,KORHOGO,103,M'BENGUE,3,KATOGO,468.0,40,,SousPrefecture
7,SASSANDRA-MARAHOUE,DALOA,2,HAUT-SASSANDRA,DALOA,48,VAVOUA,4,KETRO BASSAM,498.0,90,,SousPrefecture
11,SAVANES,KORHOGO,3,PORO,KORHOGO,29,KORHOGO,4,KIEMOU,836.0,80,,SousPrefecture
5,DENGUELE,ODIENNE,24,FOLON,MINIGNAN,68,MINIGNAN,1,KIMBIRILA-NORD,505.0,60,,SousPrefecture
5,DENGUELE,ODIENNE,10,KABADOUGOU,ODIENNE,88,SAMATIGUILA,1,KIMBIRILA-SUD,556.0,70,,SousPrefecture
8,LACS,DIMBOKRO,29,IFFOU,DAOUKRO,64,PRIKRO,3,KOFFI-AMONKRO,426.0,70,,SousPrefecture
14,ZANZAN,BONDOUKOU,8,GONTOUGO,BONDOUKOU,70,KOUN-FAO,2,KOKOMIAN,140.0,60,,SousPrefecture
8,LACS,DIMBOKRO,21,BELIER,YAMOUSSOUKRO,47,TOUMODI,2,KOKUMBO,472.0,0,Commune,SousPrefecture
11,SAVANES,KORHOGO,20,BAGOUE,BOUNDIALI,83,KOUTO,3,KOLIA,1069.0,50,Commune,SousPrefecture
11,SAVANES,KORHOGO,3,PORO,KORHOGO,29,KORHOGO,7,KOMBOLOKOURA,149.0,40,,SousPrefecture
11,SAVANES,KORHOGO,3,PORO,KORHOGO,29,KORHOGO,8,KOMBORODOUGOU,277.0,70,Commune,SousPrefecture
8,LACS,DIMBOKRO,29,IFFOU,DAOUKRO,33,M'BAHIAKRO,2,KONDOSSOU,459.0,90,,SousPrefecture
12,VALLEE DU BANDAMA,BOUAKE,4,GBEKE,BOUAKE,8,BEOUMI,7,KONDROBO,492.0,10,,SousPrefecture
11,SAVANES,KORHOGO,32,TCHOLOGO,FERKESSEDOUGOU,101,KONG,2,KONG,2113.0,30,Commune,SousPrefecture
13,WOROBA,SEGUELA,22,BERE,MANKONO,69,KOUNAHIRI,1,KONGASSO,848.0,0,Commune,SousPrefecture
11,SAVANES,KORHOGO,3,PORO,KORHOGO,29,KORHOGO,5,KONI,287.0,80,,SousPrefecture
7,SASSANDRA-MARAHOUE,DALOA,12,MARAHOUE,BOUAFLE,40,SINFRA,2,KONONFLA,372.0,0,,SousPrefecture
13,WOROBA,SEGUELA,19,BAFING,TOUBA,87,OUANINOU,3,KOONAN,414.0,80,Commune,SousPrefecture
11,SAVANES,KORHOGO,3,PORO,KORHOGO,29,KORHOGO,6,KORHOGO,644.0,60,Commune,SousPrefecture
13,WOROBA,SEGUELA,19,BAFING,TOUBA,82,KORO,3,KORO,1015.0,10,Commune,SousPrefecture
2,AUTONOME DE YAMOUSSOUKRO,YAMOUSSOUKRO,7,YAMOUSSOUKRO,,49,YAMOUSSOUKRO,1,KOSSOU,331.0,10,,SousPrefecture
8,LACS,DIMBOKRO,33,MORONOU,BONGOUANOU,71,ARRAH,2,KOTOBI,158.0,0,,SousPrefecture
14,ZANZAN,BONDOUKOU,23,BOUNKANI,BOUNA,63,NASSIAN,2,KOTOUBA,399.0,50,,SousPrefecture
10,MONTAGNES,MAN,27,GUEMON,DUEKOUE,99,FACOBLY,3,KOUA,141.0,40,,SousPrefecture
8,LACS,DIMBOKRO,11,N'ZI,DIMBOKRO,53,BOCANDA,3,KOUADIOBLEKRO,433.0,30,,SousPrefecture
4,COMOE,ABENGOUROU,13,SUD-COMOE,ABOISSO,3,ABOISSO,6,KOUAKRO,536.0,40,,SousPrefecture
10,MONTAGNES,MAN,6,TONKPI,MAN,18,DANANE,4,KOUAN-HOULE,496.0,40,,SousPrefecture
14,ZANZAN,BONDOUKOU,8,GONTOUGO,BONDOUKOU,93,TRANSUA,2,KOUASSIA-NIAGUINI,268.0,20,,SousPrefecture
14,ZANZAN,BONDOUKOU,8,GONTOUGO,BONDOUKOU,70,KOUN-FAO,3,KOUASSI-DATEKRO,1077.0,0,Commune,SousPrefecture
8,LACS,DIMBOKRO,11,N'ZI,DIMBOKRO,102,KOUASSI-KOUASSIKRO,1,KOUASSI-KOUASSIKRO,405.0,20,Commune,SousPrefecture
7,SASSANDRA-MARAHOUE,DALOA,12,MARAHOUE,BOUAFLE,40,SINFRA,3,KOUETINFLA,185.0,0,,SousPrefecture
10,MONTAGNES,MAN,27,GUEMON,DUEKOUE,62,KOUIBLY,1,KOUIBLY,296.0,90,Commune,SousPrefecture
1,AUTONOME D'ABIDJAN,ABIDJAN,1,ABIDJAN,,2,ABIDJAN,8,KOUMASSI,20.0,10,Commune,
11,SAVANES,KORHOGO,32,TCHOLOGO,FERKESSEDOUGOU,23,FERKESSEDOUGOU,2,KOUMBALA,463.0,0,Commune,SousPrefecture
13,WOROBA,SEGUELA,22,BERE,MANKONO,69,KOUNAHIRI,2,KOUNAHIRI,952.0,80,Commune,SousPrefecture
14,ZANZAN,BONDOUKOU,8,GONTOUGO,BONDOUKOU,70,KOUN-FAO,4,KOUN-FAO,964.0,60,Commune,SousPrefecture
11,SAVANES,KORHOGO,20,BAGOUE,BOUNDIALI,83,KOUTO,4,KOUTO,626.0,60,Commune,SousPrefecture
10,MONTAGNES,MAN,6,TONKPI,MAN,9,BIANKOUMA,6,KPATA,206.0,40,,SousPrefecture
8,LACS,DIMBOKRO,21,BELIER,YAMOUSSOUKRO,47,TOUMODI,3,KPOUEBO,772.0,20,,SousPrefecture
8,LACS,DIMBOKRO,33,MORONOU,BONGOUANOU,71,ARRAH,3,KREGBE,767.0,0,,SousPrefecture
12,VALLEE DU BANDAMA,BOUAKE,4,GBEKE,BOUAKE,74,BOTRO,3,KROFOINSOU,392.0,30,,SousPrefecture
6,G�H-DJIBOUA,GAGNOA,15,LÔH-DJIBOUA,DIVO,30,LAKOTA,4,LAKOTA,919.0,60,Commune,SousPrefecture
12,VALLEE DU BANDAMA,BOUAKE,4,GBEKE,BOUAKE,74,BOTRO,4,LANGUIBONOU,263.0,10,,SousPrefecture
14,ZANZAN,BONDOUKOU,8,GONTOUGO,BONDOUKOU,10,BONDOUKOU,6,LAOUDI BA,1676.0,20,,SousPrefecture
11,SAVANES,KORHOGO,3,PORO,KORHOGO,29,KORHOGO,9,LATAHA,333.0,60,,SousPrefecture
6,G�H-DJIBOUA,GAGNOA,15,LÔH-DJIBOUA,DIVO,79,GUITRY,3,LAUZOUA,583.0,90,,SousPrefecture
3,BAS-SASSANDRA,SAN-PEDRO,31,NAWA,SOUBRE,41,SOUBRE,2,LILIYO,672.0,10,,SousPrefecture
3,BAS-SASSANDRA,SAN-PEDRO,25,GBOKLE,SASSANDRA,38,SASSANDRA,3,LOBAKUYA,454.0,50,,SousPrefecture
10,MONTAGNES,MAN,6,TONKPI,MAN,31,MAN,4,LOGOUALE,190.0,20,Commune,SousPrefecture
2,AUTONOME DE YAMOUSSOUKRO,YAMOUSSOUKRO,7,YAMOUSSOUKRO,,72,ATTIEGOUAKRO,2,LOLOBO,556.0,0,,SousPrefecture
12,VALLEE DU BANDAMA,BOUAKE,4,GBEKE,BOUAKE,8,BEOUMI,4,LOLOBO,126.0,90,,SousPrefecture
8,LACS,DIMBOKRO,21,BELIER,YAMOUSSOUKRO,57,TIEBISSOU,1,LOMOKANKRO,354.0,90,,SousPrefecture
9,LAGUNES,DABOU,26,GRAND-PONTS,DABOU,54,DABOU,2,LOPOU,503.0,10,,SousPrefecture
9,LAGUNES,DABOU,16,AGNEBY-TIASSA,AGBOVILLE,5,AGBOVILLE,9,LOVIGUIE,246.0,80,,SousPrefecture
5,DENGUELE,ODIENNE,10,KABADOUGOU,ODIENNE,67,MADINANI,2,MADINANI,1432.0,30,Commune,SousPrefecture
4,COMOE,ABENGOUROU,13,SUD-COMOE,ABOISSO,3,ABOISSO,7,MAFERE,658.0,40,Commune,SousPrefecture
5,DENGUELE,ODIENNE,24,FOLON,MINIGNAN,81,KANIASSO,3,MAHANDIANA-SOKOURANI,1040.0,90,,SousPrefecture
13,WOROBA,SEGUELA,19,BAFING,TOUBA,82,KORO,4,MAHANDOUGOU,168.0,30,,SousPrefecture
10,MONTAGNES,MAN,6,TONKPI,MAN,18,DANANE,5,MAHAPLEU,526.0,20,,SousPrefecture
12,VALLEE DU BANDAMA,BOUAKE,4,GBEKE,BOUAKE,13,BOUAKE,5,MAMINI,674.0,60,,SousPrefecture
7,SASSANDRA-MARAHOUE,DALOA,12,MARAHOUE,BOUAFLE,110,GOHITAFLA,3,MAMINIGUI,251.0,20,,SousPrefecture
10,MONTAGNES,MAN,6,TONKPI,MAN,31,MAN,5,MAN,581.0,80,Commune,SousPrefecture
13,WOROBA,SEGUELA,22,BERE,MANKONO,32,MANKONO,2,MANKONO,1391.0,0,Commune,SousPrefecture
12,VALLEE DU BANDAMA,BOUAKE,4,GBEKE,BOUAKE,8,BEOUMI,5,MARABADJASSA,66.0,30,,SousPrefecture
1,AUTONOME D'ABIDJAN,ABIDJAN,1,ABIDJAN,,2,ABIDJAN,9,MARCORY,17.0,90,Commune,
13,WOROBA,SEGUELA,22,BERE,MANKONO,32,MANKONO,3,MARHANDALLAH,1084.0,10,,SousPrefecture
13,WOROBA,SEGUELA,14,WORODOUGOU,SEGUELA,39,SEGUELA,5,MASSALA,946.0,0,Commune,SousPrefecture
8,LACS,DIMBOKRO,29,IFFOU,DAOUKRO,33,M'BAHIAKRO,3,M'BAHIAKRO,1601.0,90,Commune,SousPrefecture
8,LACS,DIMBOKRO,33,MORONOU,BONGOUANOU,84,M'BATTO,3,M'BATTO,1010.0,0,Commune,SousPrefecture
11,SAVANES,KORHOGO,3,PORO,KORHOGO,103,M'BENGUE,4,M'BENGUE,1583.0,0,Commune,SousPrefecture
3,BAS-SASSANDRA,SAN-PEDRO,31,NAWA,SOUBRE,104,MEAGUI,2,MEAGUI,696.0,50,Commune,SousPrefecture
3,BAS-SASSANDRA,SAN-PEDRO,25,GBOKLE,SASSANDRA,38,SASSANDRA,4,MEDON,389.0,10,,SousPrefecture
8,LACS,DIMBOKRO,11,N'ZI,DIMBOKRO,102,KOUASSI-KOUASSIKRO,2,MEKRO,278.0,80,,SousPrefecture
10,MONTAGNES,MAN,18,CAVALLY,GUIGLO,58,TOULEPLEU,2,MEO,271.0,80,,SousPrefecture
5,DENGUELE,ODIENNE,24,FOLON,MINIGNAN,68,MINIGNAN,2,MINIGNAN,1403.0,80,Commune,SousPrefecture
8,LACS,DIMBOKRO,21,BELIER,YAMOUSSOUKRO,57,TIEBISSOU,2,MOLONOU,720.0,60,,SousPrefecture
8,LACS,DIMBOKRO,21,BELIER,YAMOUSSOUKRO,61,DIDIEVI,3,MOLONOU BLE,391.0,50,,SousPrefecture
9,LAGUNES,DABOU,16,AGNEBY-TIASSA,AGBOVILLE,45,TIASSALE,2,MOROKRO,786.0,0,,SousPrefecture
13,WOROBA,SEGUELA,14,WORODOUGOU,SEGUELA,80,KANI,4,MORONDO,666.0,50,Commune,SousPrefecture
11,SAVANES,KORHOGO,32,TCHOLOGO,FERKESSEDOUGOU,101,KONG,3,NAFANA,1189.0,50,,SousPrefecture
8,LACS,DIMBOKRO,29,IFFOU,DAOUKRO,64,PRIKRO,4,NAFANA,533.0,40,,SousPrefecture
11,SAVANES,KORHOGO,3,PORO,KORHOGO,29,KORHOGO,10,NAFOUN,407.0,30,,SousPrefecture
7,SASSANDRA-MARAHOUE,DALOA,2,HAUT-SASSANDRA,DALOA,27,ISSIA,4,NAHIO,212.0,40,,SousPrefecture
7,SASSANDRA-MARAHOUE,DALOA,2,HAUT-SASSANDRA,DALOA,27,ISSIA,5,NAMANE,520.0,90,,SousPrefecture
11,SAVANES,KORHOGO,3,PORO,KORHOGO,29,KORHOGO,11,NAPIE,375.0,90,Commune,SousPrefecture
14,ZANZAN,BONDOUKOU,23,BOUNKANI,BOUNA,63,NASSIAN,4,NASSIAN,945.0,0,Commune,SousPrefecture
9,LAGUNES,DABOU,16,AGNEBY-TIASSA,AGBOVILLE,45,TIASSALE,3,N'DOUCI,472.0,0,Commune,SousPrefecture
7,SASSANDRA-MARAHOUE,DALOA,12,MARAHOUE,BOUAFLE,12,BOUAFLE,4,N'DOUFFOUKANKRO,263.0,30,,SousPrefecture
6,G�H-DJIBOUA,GAGNOA,15,LÔH-DJIBOUA,DIVO,21,DIVO,5,NEBO,391.0,10,,SousPrefecture
10,MONTAGNES,MAN,18,CAVALLY,GUIGLO,58,TOULEPLEU,3,NEZOBLY,62.0,60,,SousPrefecture
11,SAVANES,KORHOGO,3,PORO,KORHOGO,29,KORHOGO,12,N'GANON,73.0,80,,SousPrefecture
8,LACS,DIMBOKRO,29,IFFOU,DAOUKRO,19,DAOUKRO,5,N'GATTAKRO,256.0,70,,SousPrefecture
5,DENGUELE,ODIENNE,10,KABADOUGOU,ODIENNE,67,MADINANI,3,N'GOLOBLASSO,882.0,20,,SousPrefecture
12,VALLEE DU BANDAMA,BOUAKE,4,GBEKE,BOUAKE,8,BEOUMI,6,N'GUESSANKRO,234.0,90,,SousPrefecture
8,LACS,DIMBOKRO,33,MORONOU,BONGOUANOU,11,BONGOUANOU,4,N'GUESSANKRO,339.0,20,,SousPrefecture
4,COMOE,ABENGOUROU,5,INDENIE-DJUABLIN,ABENGOUROU,1,ABENGOUROU,5,NIABLE,527.0,30,Commune,SousPrefecture
12,VALLEE DU BANDAMA,BOUAKE,28,HAMBOL,KATIOLA,85,NIAKARAMADOUGOU,3,NIAKARAMADOUGOU,2607.0,80,Commune,SousPrefecture
6,G�H-DJIBOUA,GAGNOA,15,LÔH-DJIBOUA,DIVO,30,LAKOTA,5,NIAMBEZARIA,920.0,30,,SousPrefecture
14,ZANZAN,BONDOUKOU,23,BOUNKANI,BOUNA,76,DOROPO,4,NIAMOUE,3466.0,0,,SousPrefecture
10,MONTAGNES,MAN,27,GUEMON,DUEKOUE,62,KOUIBLY,2,NIDROU,129.0,10,,SousPrefecture
12,VALLEE DU BANDAMA,BOUAKE,28,HAMBOL,KATIOLA,85,NIAKARAMADOUGOU,4,NIEDEKAHA,607.0,40,,SousPrefecture
11,SAVANES,KORHOGO,32,TCHOLOGO,FERKESSEDOUGOU,86,OUANGOLODOUGOU,3,NIELLE,600.0,30,Commune,SousPrefecture
12,VALLEE DU BANDAMA,BOUAKE,28,HAMBOL,KATIOLA,16,DABAKALA,5,NIEMENE,579.0,10,,SousPrefecture
11,SAVANES,KORHOGO,3,PORO,KORHOGO,29,KORHOGO,13,NIOFOIN,1226.0,50,Commune,SousPrefecture
13,WOROBA,SEGUELA,19,BAFING,TOUBA,82,KORO,5,NIOKOSSO,563.0,70,,SousPrefecture
10,MONTAGNES,MAN,18,CAVALLY,GUIGLO,26,GUIGLO,4,NIZAHON,338.0,90,,SousPrefecture
4,COMOE,ABENGOUROU,13,SUD-COMOE,ABOISSO,92,TIAPOUM,1,NOE,419.0,40,,SousPrefecture
8,LACS,DIMBOKRO,11,N'ZI,DIMBOKRO,20,DIMBOKRO,4,NOFOU,357.0,10,,SousPrefecture
4,COMOE,ABENGOUROU,13,SUD-COMOE,ABOISSO,92,TIAPOUM,2,NOUAMOU,161.0,50,,SousPrefecture
8,LACS,DIMBOKRO,11,N'ZI,DIMBOKRO,53,BOCANDA,4,N'ZECREZESSOU,471.0,0,,SousPrefecture
5,DENGUELE,ODIENNE,10,KABADOUGOU,ODIENNE,34,ODIENNE,4,ODIENNE,1512.0,30,Commune,SousPrefecture
9,LAGUNES,DABOU,30,LA ME,ADZOPE,52,ALEPE,5,OGHLWAPO,378.0,10,,SousPrefecture
6,G�H-DJIBOUA,GAGNOA,15,LÔH-DJIBOUA,DIVO,21,DIVO,6,OGOUDOU,594.0,0,,SousPrefecture
3,BAS-SASSANDRA,SAN-PEDRO,31,NAWA,SOUBRE,41,SOUBRE,3,MAYO,,Commune,SousPrefecture,
3,BAS-SASSANDRA,SAN-PEDRO,31,NAWA,SOUBRE,41,SOUBRE,4,OKROUYO,1107.0,20,,SousPrefecture
3,BAS-SASSANDRA,SAN-PEDRO,9,SAN-PEDRO,SAN-PEDRO,42,TABOU,5,OLODIO,383.0,60,,SousPrefecture
14,ZANZAN,BONDOUKOU,23,BOUNKANI,BOUNA,14,BOUNA,3,ONDEFIDOUO,1780.0,0,,SousPrefecture
9,LAGUNES,DABOU,16,AGNEBY-TIASSA,AGBOVILLE,5,AGBOVILLE,10,ORESS-KROBOU,204.0,20,,SousPrefecture
11,SAVANES,KORHOGO,32,TCHOLOGO,FERKESSEDOUGOU,86,OUANGOLODOUGOU,4,OUANGOLODOUGOU,675.0,40,Commune,SousPrefecture
13,WOROBA,SEGUELA,19,BAFING,TOUBA,87,OUANINOU,4,OUANINOU,712.0,60,Commune,SousPrefecture
8,LACS,DIMBOKRO,29,IFFOU,DAOUKRO,111,OUELLE,3,OUELLE,729.0,0,Commune,SousPrefecture
6,G�H-DJIBOUA,GAGNOA,17,GÔH,GAGNOA,35,OUME,3,OUME,1358.0,60,Commune,SousPrefecture
3,BAS-SASSANDRA,SAN-PEDRO,31,NAWA,SOUBRE,104,MEAGUI,3,OUPOYO,696.0,10,,SousPrefecture
6,G�H-DJIBOUA,GAGNOA,17,GÔH,GAGNOA,24,GAGNOA,10,OURAGAHIO,356.0,50,Commune,SousPrefecture
10,MONTAGNES,MAN,27,GUEMON,DUEKOUE,62,KOUIBLY,3,OUYABLY-GNONDROU,477.0,40,,SousPrefecture
9,LAGUNES,DABOU,16,AGNEBY-TIASSA,AGBOVILLE,107,TAABO,1,PACOBO,347.0,0,,SousPrefecture
7,SASSANDRA-MARAHOUE,DALOA,12,MARAHOUE,BOUAFLE,12,BOUAFLE,5,PAKOUABO,252.0,80,,SousPrefecture
11,SAVANES,KORHOGO,20,BAGOUE,BOUNDIALI,44,TENGRELA,3,PAPARA,383.0,60,,SousPrefecture
10,MONTAGNES,MAN,18,CAVALLY,GUIGLO,58,TOULEPLEU,4,PEHE,141.0,20,,SousPrefecture
14,ZANZAN,BONDOUKOU,8,GONTOUGO,BONDOUKOU,10,BONDOUKOU,2,PINDA-BOROKO,87.0,90,,SousPrefecture
1,AUTONOME D'ABIDJAN,ABIDJAN,1,ABIDJAN,,2,ABIDJAN,10,PLATEAU,6.0,20,Commune,
10,MONTAGNES,MAN,6,TONKPI,MAN,31,MAN,6,PODIAGOUINE,259.0,60,,SousPrefecture
1,AUTONOME D'ABIDJAN,ABIDJAN,1,ABIDJAN,,2,ABIDJAN,11,PORT-BOUET,76.0,20,Commune,
8,LACS,DIMBOKRO,29,IFFOU,DAOUKRO,64,PRIKRO,5,PRIKRO,868.0,0,Commune,SousPrefecture
8,LACS,DIMBOKRO,21,BELIER,YAMOUSSOUKRO,61,DIDIEVI,4,RAVIART,239.0,90,,SousPrefecture
9,LAGUNES,DABOU,16,AGNEBY-TIASSA,AGBOVILLE,5,AGBOVILLE,11,RUBINO,523.0,50,Commune,SousPrefecture
13,WOROBA,SEGUELA,19,BAFING,TOUBA,87,OUANINOU,5,SABOUDOUGOU,372.0,70,,SousPrefecture
3,BAS-SASSANDRA,SAN-PEDRO,25,GBOKLE,SASSANDRA,38,SASSANDRA,5,SAGO,925.0,50,,SousPrefecture
7,SASSANDRA-MARAHOUE,DALOA,2,HAUT-SASSANDRA,DALOA,27,ISSIA,6,SAIOUA,744.0,50,Commune,SousPrefecture
12,VALLEE DU BANDAMA,BOUAKE,4,GBEKE,BOUAKE,36,SAKASSOU,3,SAKASSOU,1049.0,50,Commune,SousPrefecture
5,DENGUELE,ODIENNE,10,KABADOUGOU,ODIENNE,100,GBELEBAN,3,SAMANGO,1352.0,20,,SousPrefecture
8,LACS,DIMBOKRO,29,IFFOU,DAOUKRO,19,DAOUKRO,7,SAMANZA,477.0,40,,SousPrefecture
5,DENGUELE,ODIENNE,10,KABADOUGOU,ODIENNE,88,SAMATIGUILA,2,SAMATIGUILA,211.0,90,Commune,SousPrefecture
14,ZANZAN,BONDOUKOU,8,GONTOUGO,BONDOUKOU,89,SANDEGUE,3,SANDEGUE,694.0,10,Commune,SousPrefecture
10,MONTAGNES,MAN,6,TONKPI,MAN,31,MAN,7,SANDOUGOU-SOBA,220.0,90,,SousPrefecture
10,MONTAGNES,MAN,6,TONKPI,MAN,31,MAN,8,SANGOUINE,638.0,40,Commune,SousPrefecture
3,BAS-SASSANDRA,SAN-PEDRO,9,SAN-PEDRO,SAN-PEDRO,37,SAN-PEDRO,5,SAN-PEDRO,1118.0,80,Commune,SousPrefecture
10,MONTAGNES,MAN,6,TONKPI,MAN,9,BIANKOUMA,7,SANTA,521.0,40,,SousPrefecture
13,WOROBA,SEGUELA,19,BAFING,TOUBA,87,OUANINOU,6,SANTA,374.0,50,,SousPrefecture
14,ZANZAN,BONDOUKOU,8,GONTOUGO,BONDOUKOU,10,BONDOUKOU,7,SAPLI-SEPINGO,123.0,20,,SousPrefecture
13,WOROBA,SEGUELA,22,BERE,MANKONO,32,MANKONO,4,SARHALA,1315.0,30,Commune,SousPrefecture
3,BAS-SASSANDRA,SAN-PEDRO,25,GBOKLE,SASSANDRA,38,SASSANDRA,6,SASSANDRA,866.0,90,Commune,SousPrefecture
12,VALLEE DU BANDAMA,BOUAKE,28,HAMBOL,KATIOLA,16,DABAKALA,6,SATAMA-SOKORO,770.0,30,Commune,SousPrefecture
12,VALLEE DU BANDAMA,BOUAKE,28,HAMBOL,KATIOLA,16,DABAKALA,7,SATAMA-SOKOURA,423.0,80,Commune,SousPrefecture
11,SAVANES,KORHOGO,3,PORO,KORHOGO,90,SINEMATIALI,3,SEDIOGO,53.0,20,,SousPrefecture
13,WOROBA,SEGUELA,14,WORODOUGOU,SEGUELA,39,SEGUELA,6,SEGUELA,731.0,70,Commune,SousPrefecture
5,DENGUELE,ODIENNE,10,KABADOUGOU,ODIENNE,105,SEGUELON,2,SEGUELON,1427.0,50,Commune,SousPrefecture
10,MONTAGNES,MAN,6,TONKPI,MAN,18,DANANE,6,SEILEU,164.0,60,,SousPrefecture
7,SASSANDRA-MARAHOUE,DALOA,2,HAUT-SASSANDRA,DALOA,48,VAVOUA,5,SEITIFLA,1950.0,80,,SousPrefecture
10,MONTAGNES,MAN,27,GUEMON,DUEKOUE,99,FACOBLY,4,SEMIEN,514.0,60,,SousPrefecture
6,G�H-DJIBOUA,GAGNOA,17,GÔH,GAGNOA,24,GAGNOA,11,SERIHIO,515.0,30,,SousPrefecture
5,DENGUELE,ODIENNE,10,KABADOUGOU,ODIENNE,100,GBELEBAN,2,SEYDOUGOU,469.0,20,Commune,SousPrefecture
11,SAVANES,KORHOGO,20,BAGOUE,BOUNDIALI,83,KOUTO,5,SIANHALA,759.0,80,,SousPrefecture
11,SAVANES,KORHOGO,20,BAGOUE,BOUNDIALI,15,BOUNDIALI,5,SIEMPURGO,666.0,0,,SousPrefecture
13,WOROBA,SEGUELA,14,WORODOUGOU,SEGUELA,39,SEGUELA,7,SIFIE,506.0,80,Commune,SousPrefecture
9,LAGUNES,DABOU,16,AGNEBY-TIASSA,AGBOVILLE,65,SIKENSI,2,SIKENSI,538.0,60,Commune,SousPrefecture
11,SAVANES,KORHOGO,32,TCHOLOGO,FERKESSEDOUGOU,101,KONG,4,SIKOLO,2334.0,80,,SousPrefecture
11,SAVANES,KORHOGO,3,PORO,KORHOGO,90,SINEMATIALI,4,SINEMATIALI,336.0,80,Commune,SousPrefecture
7,SASSANDRA-MARAHOUE,DALOA,12,MARAHOUE,BOUAFLE,40,SINFRA,4,SINFRA,785.0,40,Commune,SousPrefecture
10,MONTAGNES,MAN,6,TONKPI,MAN,106,SIPILOU,1,SIPILOU,688.0,0,Commune,SousPrefecture
11,SAVANES,KORHOGO,3,PORO,KORHOGO,29,KORHOGO,14,SIRASSO,643.0,30,Commune,SousPrefecture
11,SAVANES,KORHOGO,3,PORO,KORHOGO,29,KORHOGO,15,SOHOUO,248.0,60,,SousPrefecture
12,VALLEE DU BANDAMA,BOUAKE,28,HAMBOL,KATIOLA,16,DABAKALA,8,SOKALA-SOBARA,285.0,90,,SousPrefecture
5,DENGUELE,ODIENNE,24,FOLON,MINIGNAN,68,MINIGNAN,3,SOKORO,477.0,80,,SousPrefecture
14,ZANZAN,BONDOUKOU,23,BOUNKANI,BOUNA,63,NASSIAN,5,SOMINASSE,638.0,70,,SousPrefecture
1,AUTONOME D'ABIDJAN,ABIDJAN,1,ABIDJAN,,2,ABIDJAN,12,SONGON,609.0,20,Commune,SousPrefecture
14,ZANZAN,BONDOUKOU,8,GONTOUGO,BONDOUKOU,10,BONDOUKOU,8,SOROBANGO,930.0,90,,SousPrefecture
3,BAS-SASSANDRA,SAN-PEDRO,31,NAWA,SOUBRE,41,SOUBRE,5,SOUBRE,582.0,20,Commune,SousPrefecture
9,LAGUNES,DABOU,16,AGNEBY-TIASSA,AGBOVILLE,107,TAABO,2,TAABO,591.0,40,Commune,SousPrefecture
14,ZANZAN,BONDOUKOU,8,GONTOUGO,BONDOUKOU,10,BONDOUKOU,9,TABAGNE,344.0,40,,SousPrefecture
3,BAS-SASSANDRA,SAN-PEDRO,9,SAN-PEDRO,SAN-PEDRO,42,TABOU,6,TABOU,452.0,20,Commune,SousPrefecture
12,VALLEE DU BANDAMA,BOUAKE,28,HAMBOL,KATIOLA,85,NIAKARAMADOUGOU,5,TAFIRE,1387.0,30,Commune,SousPrefecture
14,ZANZAN,BONDOUKOU,8,GONTOUGO,BONDOUKOU,10,BONDOUKOU,10,TAGADI,1169.0,0,,SousPrefecture
10,MONTAGNES,MAN,18,CAVALLY,GUIGLO,108,TAI,1,TAI,1361.0,40,Commune,SousPrefecture
14,ZANZAN,BONDOUKOU,8,GONTOUGO,BONDOUKOU,43,TANDA,3,TANDA,736.0,10,Commune,SousPrefecture
4,COMOE,ABENGOUROU,5,INDENIE-DJUABLIN,ABENGOUROU,6,AGNIBILEKROU,5,TANGUELAN,242.0,0,,SousPrefecture
14,ZANZAN,BONDOUKOU,8,GONTOUGO,BONDOUKOU,70,KOUN-FAO,5,TANKESSE,627.0,20,,SousPrefecture
14,ZANZAN,BONDOUKOU,8,GONTOUGO,BONDOUKOU,10,BONDOUKOU,11,TAOUDI,696.0,30,,SousPrefecture
7,SASSANDRA-MARAHOUE,DALOA,2,HAUT-SASSANDRA,DALOA,27,ISSIA,7,TAPEGUIA,409.0,50,,SousPrefecture
10,MONTAGNES,MAN,6,TONKPI,MAN,66,ZOUAN-HOUNIEN,4,TEAPLEU,192.0,80,,SousPrefecture
14,ZANZAN,BONDOUKOU,23,BOUNKANI,BOUNA,91,TEHINI,2,TEHINI,1185.0,0,Commune,SousPrefecture
11,SAVANES,KORHOGO,20,BAGOUE,BOUNDIALI,44,TENGRELA,4,TENGRELA,1129.0,40,Commune,SousPrefecture
4,COMOE,ABENGOUROU,13,SUD-COMOE,ABOISSO,92,TIAPOUM,3,TIAPOUM,243.0,40,Commune,SousPrefecture
9,LAGUNES,DABOU,16,AGNEBY-TIASSA,AGBOVILLE,45,TIASSALE,4,TIASSALE,739.0,40,Commune,SousPrefecture
7,SASSANDRA-MARAHOUE,DALOA,12,MARAHOUE,BOUAFLE,12,BOUAFLE,6,TIBEITA,655.0,50,,SousPrefecture
8,LACS,DIMBOKRO,21,BELIER,YAMOUSSOUKRO,57,TIEBISSOU,3,TIEBISSOU,904.0,20,Commune,SousPrefecture
14,ZANZAN,BONDOUKOU,8,GONTOUGO,BONDOUKOU,43,TANDA,4,TIEDIO,317.0,70,,SousPrefecture
5,DENGUELE,ODIENNE,10,KABADOUGOU,ODIENNE,34,ODIENNE,5,TIEME,401.0,30,Commune,SousPrefecture
8,LACS,DIMBOKRO,33,MORONOU,BONGOUANOU,84,M'BATTO,4,TIEMELEKRO,818.0,30,Commune,SousPrefecture
12,VALLEE DU BANDAMA,BOUAKE,28,HAMBOL,KATIOLA,16,DABAKALA,9,TIENDENE-BAMBARASSO,1337.0,80,,SousPrefecture
8,LACS,DIMBOKRO,21,BELIER,YAMOUSSOUKRO,61,DIDIEVI,5,TIE-N'DIEKRO,312.0,0,Commune,SousPrefecture
13,WOROBA,SEGUELA,22,BERE,MANKONO,32,MANKONO,5,TIENINGBOUE,920.0,20,Commune,SousPrefecture
5,DENGUELE,ODIENNE,24,FOLON,MINIGNAN,68,MINIGNAN,4,TIENKO,906.0,70,Commune,SousPrefecture
14,ZANZAN,BONDOUKOU,8,GONTOUGO,BONDOUKOU,70,KOUN-FAO,6,TIENKOIKRO,290.0,0,,SousPrefecture
10,MONTAGNES,MAN,27,GUEMON,DUEKOUE,99,FACOBLY,5,TIENY-SIABLY,60.0,20,,SousPrefecture
12,VALLEE DU BANDAMA,BOUAKE,28,HAMBOL,KATIOLA,28,KATIOLA,3,TIMBE,659.0,40,,SousPrefecture
10,MONTAGNES,MAN,18,CAVALLY,GUIGLO,59,BLOLEQUIN,4,TINHOU,285.0,10,,SousPrefecture
10,MONTAGNES,MAN,18,CAVALLY,GUIGLO,58,TOULEPLEU,5,TIOBLY,127.0,30,,SousPrefecture
11,SAVANES,KORHOGO,3,PORO,KORHOGO,29,KORHOGO,16,TIORONIARADOUGOU,194.0,20,Commune,SousPrefecture
11,SAVANES,KORHOGO,32,TCHOLOGO,FERKESSEDOUGOU,23,FERKESSEDOUGOU,3,TOGONIERE,1323.0,50,,SousPrefecture
6,G�H-DJIBOUA,GAGNOA,17,GÔH,GAGNOA,35,OUME,4,TONLA,230.0,30,,SousPrefecture
12,VALLEE DU BANDAMA,BOUAKE,28,HAMBOL,KATIOLA,85,NIAKARAMADOUGOU,6,TORTIYA,657.0,10,Commune,SousPrefecture
10,MONTAGNES,MAN,27,GUEMON,DUEKOUE,62,KOUIBLY,4,TOTRODROU,128.0,30,,SousPrefecture
13,WOROBA,SEGUELA,19,BAFING,TOUBA,46,TOUBA,4,TOUBA,964.0,10,Commune,SousPrefecture
14,ZANZAN,BONDOUKOU,23,BOUNKANI,BOUNA,91,TEHINI,3,TOUGBO,1015.0,10,,SousPrefecture
9,LAGUNES,DABOU,26,GRAND-PONTS,DABOU,25,GRAND-LAHOU,5,TOUKOUZOU,22.0,90,,SousPrefecture
10,MONTAGNES,MAN,18,CAVALLY,GUIGLO,58,TOULEPLEU,6,TOULEPLEU,152.0,70,Commune,SousPrefecture
8,LACS,DIMBOKRO,21,BELIER,YAMOUSSOUKRO,47,TOUMODI,4,TOUMODI,808.0,70,Commune,SousPrefecture
12,VALLEE DU BANDAMA,BOUAKE,4,GBEKE,BOUAKE,36,SAKASSOU,4,TOUMODI-SAKASSOU,164.0,60,,SousPrefecture
11,SAVANES,KORHOGO,32,TCHOLOGO,FERKESSEDOUGOU,86,OUANGOLODOUGOU,5,TOUMOUKORO,560.0,90,,SousPrefecture
9,LAGUNES,DABOU,26,GRAND-PONTS,DABOU,54,DABOU,3,TOUPAH,430.0,20,,SousPrefecture
14,ZANZAN,BONDOUKOU,8,GONTOUGO,BONDOUKOU,93,TRANSUA,3,TRANSUA,506.0,40,Commune,SousPrefecture
1,AUTONOME D'ABIDJAN,ABIDJAN,1,ABIDJAN,,2,ABIDJAN,13,TREICHVILLE,9.0,20,Commune,
7,SASSANDRA-MARAHOUE,DALOA,2,HAUT-SASSANDRA,DALOA,48,VAVOUA,6,VAVOUA,672.0,30,Commune,SousPrefecture
7,SASSANDRA-MARAHOUE,DALOA,12,MARAHOUE,BOUAFLE,50,ZUENOULA,5,VOUEBOUFLA,359.0,90,,SousPrefecture
13,WOROBA,SEGUELA,14,WORODOUGOU,SEGUELA,39,SEGUELA,8,WOROFLA,2513.0,40,Commune,SousPrefecture
9,LAGUNES,DABOU,30,LA ME,ADZOPE,94,YAKASSE-ATTOBROU,3,YAKASSE-ATTOBROU,557.0,80,Commune,SousPrefecture
4,COMOE,ABENGOUROU,5,INDENIE-DJUABLIN,ABENGOUROU,1,ABENGOUROU,6,YAKASSE-FEYASSE,700.0,0,,SousPrefecture
9,LAGUNES,DABOU,30,LA ME,ADZOPE,4,ADZOPE,6,YAKASSE-ME,162.0,20,,SousPrefecture
8,LACS,DIMBOKRO,21,BELIER,YAMOUSSOUKRO,57,TIEBISSOU,4,YAKPABO-SAKASSOU,340.0,30,,SousPrefecture
2,AUTONOME DE YAMOUSSOUKRO,YAMOUSSOUKRO,7,YAMOUSSOUKRO,,49,YAMOUSSOUKRO,2,YAMOUSSOUKRO,937.0,0,Commune,SousPrefecture
12,VALLEE DU BANDAMA,BOUAKE,28,HAMBOL,KATIOLA,16,DABAKALA,10,YAOSSEDOUGOU,309.0,40,,SousPrefecture
4,COMOE,ABENGOUROU,13,SUD-COMOE,ABOISSO,3,ABOISSO,8,YAOU,612.0,20,,SousPrefecture
10,MONTAGNES,MAN,6,TONKPI,MAN,31,MAN,9,YAPLEU,75.0,90,,SousPrefecture
10,MONTAGNES,MAN,6,TONKPI,MAN,66,ZOUAN-HOUNIEN,5,YELLEU,113.0,20,,SousPrefecture
14,ZANZAN,BONDOUKOU,8,GONTOUGO,BONDOUKOU,10,BONDOUKOU,12,YEZIMALA,104.0,40,,SousPrefecture
6,G�H-DJIBOUA,GAGNOA,15,LÔH-DJIBOUA,DIVO,79,GUITRY,4,YOCOBOUE,382.0,50,,SousPrefecture
6,G�H-DJIBOUA,GAGNOA,17,GÔH,GAGNOA,24,GAGNOA,12,YOPOHUE,192.0,30,,SousPrefecture
1,AUTONOME D'ABIDJAN,ABIDJAN,1,ABIDJAN,,2,ABIDJAN,14,YOPOUGON,165.0,20,Commune,
14,ZANZAN,BONDOUKOU,8,GONTOUGO,BONDOUKOU,89,SANDEGUE,4,YOROBODI,1141.0,60,,SousPrefecture
10,MONTAGNES,MAN,6,TONKPI,MAN,106,SIPILOU,2,YORODOUGOU,420.0,90,,SousPrefecture
14,ZANZAN,BONDOUKOU,23,BOUNKANI,BOUNA,14,BOUNA,4,YOUNDOUO,687.0,50,,SousPrefecture
10,MONTAGNES,MAN,18,CAVALLY,GUIGLO,108,TAI,2,ZAGNE,2981.0,80,,SousPrefecture
10,MONTAGNES,MAN,6,TONKPI,MAN,31,MAN,10,ZAGOUE,78.0,50,,SousPrefecture
7,SASSANDRA-MARAHOUE,DALOA,12,MARAHOUE,BOUAFLE,109,BONON,2,ZAGUIETA,673.0,80,,SousPrefecture
7,SASSANDRA-MARAHOUE,DALOA,2,HAUT-SASSANDRA,DALOA,17,DALOA,6,ZAIBO,230.0,50,,SousPrefecture
7,SASSANDRA-MARAHOUE,DALOA,12,MARAHOUE,BOUAFLE,50,ZUENOULA,6,ZANZRA,528.0,70,,SousPrefecture
4,COMOE,ABENGOUROU,5,INDENIE-DJUABLIN,ABENGOUROU,1,ABENGOUROU,7,ZARANOU,571.0,0,,SousPrefecture
10,MONTAGNES,MAN,18,CAVALLY,GUIGLO,59,BLOLEQUIN,5,ZEAGLO,522.0,10,,SousPrefecture
6,G�H-DJIBOUA,GAGNOA,15,LÔH-DJIBOUA,DIVO,21,DIVO,7,ZEGO,408.0,50,,SousPrefecture
10,MONTAGNES,MAN,27,GUEMON,DUEKOUE,7,BANGOLO,8,ZEO,88.0,30,,SousPrefecture
6,G�H-DJIBOUA,GAGNOA,15,LÔH-DJIBOUA,DIVO,30,LAKOTA,6,ZIKISSO,141.0,50,Commune,SousPrefecture
10,MONTAGNES,MAN,6,TONKPI,MAN,31,MAN,11,ZIOGOUINE,155.0,90,,SousPrefecture
10,MONTAGNES,MAN,6,TONKPI,MAN,18,DANANE,7,ZONNEU,301.0,60,,SousPrefecture
10,MONTAGNES,MAN,27,GUEMON,DUEKOUE,7,BANGOLO,9,ZOU,533.0,40,,SousPrefecture
10,MONTAGNES,MAN,6,TONKPI,MAN,66,ZOUAN-HOUNIEN,6,ZOUAN-HOUNIEN,463.0,30,Commune,SousPrefecture
7,SASSANDRA-MARAHOUE,DALOA,2,HAUT-SASSANDRA,DALOA,95,ZOUKOUGBEU,4,ZOUKOUGBEU,186.0,10,Commune,SousPrefecture
7,SASSANDRA-MARAHOUE,DALOA,12,MARAHOUE,BOUAFLE,50,ZUENOULA,7,ZUENOULA,775.0,30,Commune,SousPrefecture
